Cpd_Id	Name	InChIKey	Smiles	DataSet	CpdClass
CHEMBL1084738	CHEMBL1084738	DEEQMQGTBCCINJ-GOSISDBHSA-N	C[C@@H]1CN(C(=O)c2ccccc2)CCN1c1nnc(-c2ccc(C(F)(F)F)cc2)c2ccccc12	SmoAnta	SmoAnta
CHEMBL4632769	CHEMBL4632769	BEZRNHWRVKFZJX-UHFFFAOYSA-N	Cc1cc(C)c(-c2ncc[nH]2)cc1NC(=O)c1ccc(OCc2ccccn2)cc1	SmoAnta	SmoAnta
CHEMBL4637222	CHEMBL4637222	SMQVBAGSZVHCJP-UHFFFAOYSA-N	Cc1cc(C)c(-c2cn(C)cn2)cc1NC(=O)c1ccc(OCc2ccccn2)cc1	SmoAnta	SmoAnta
CHEMBL2160078	CHEMBL2160078	KYWZXFGBEZZQSA-UHFFFAOYSA-N	Cc1ccc(NC(=O)c2ccc(N3CCOCC3)cc2)cc1-c1ncc(-c2ccccc2)[nH]1	SmoAnta	SmoAnta
CHEMBL2160068	CHEMBL2160068	RJYGMRSLXRNCGZ-KDURUIRLSA-N	C[C@H]1CN(c2ccc3c(Nc4ccc(Cl)c(-c5ncc(-c6ccccc6)[nH]5)c4)nccc3n2)C[C@@H](C)O1	SmoAnta	SmoAnta
CHEMBL1083915	CHEMBL1083915	QEYCCERKPBVVNO-HXUWFJFHSA-N	Cc1ccc(-c2nnc(N3CCN(C(=O)c4ccccc4)C[C@H]3C)c3ccccc23)cc1	SmoAnta	SmoAnta
CHEMBL2160071	CHEMBL2160071	ISCMIYUTBPBNHO-BGYRXZFFSA-N	C[C@H]1CN(c2ccc3c(Nc4ccc(Cl)c(-c5ncc(-c6ccccc6)[nH]5)c4)ccnc3c2)C[C@@H](C)O1	SmoAnta	SmoAnta
CHEMBL2160079	CHEMBL2160079	UAPTZRKLJGVDTE-UHFFFAOYSA-N	COc1cc(OC)cc(C(=O)Nc2ccc(C)c(-c3ncc(-c4ccccc4)[nH]3)c2)c1	SmoAnta	SmoAnta
CHEMBL1209455	CHEMBL1209455	ASPCZWIUJMXPKZ-QGZVFWFLSA-N	C[C@@H]1CN(C(=O)c2ccccc2)CCN1c1nnc(-c2ccc(C(F)(F)F)cc2)c2ccncc12	SmoAnta	SmoAnta
CHEMBL1086467	CHEMBL1086467	CHNHCRBXHMOZTQ-GOSISDBHSA-N	C[C@@H]1CN(C(=O)c2ccccc2)CCN1c1nnc(-c2ccc(Cl)cc2)c2ccccc12	SmoAnta	SmoAnta
CHEMBL4288592	CHEMBL4288592	FSQIBYKXAXWJRM-UHFFFAOYSA-N	CN(C(=O)c1ccc(Oc2ccccc2)cc1C(F)(F)F)C1CCN(c2nnc(-c3ccnn3C)c3ccccc23)CC1	SmoAnta	SmoAnta
CHEMBL497266	CHEMBL497266	WLZLUGVHAHGDCQ-UHFFFAOYSA-N	CC(C)(N)c1ccc(N2CCN(c3nnc(Cc4ccccc4)c4ccccc34)CC2)nc1	SmoAnta	SmoAnta
CHEMBL538867	CHEMBL538867	HZLFFNCLTRVYJG-WWGOJCOQSA-N	CC1=C2C[C@H]3[C@@H](CC[C@@H]4C[C@H](NS(C)(=O)=O)CC[C@]34C)[C@@H]2CC[C@@]2(C1)O[C@@H]1C[C@H](C)CN[C@H]1[C@H]2C	SmoAnta	SmoAnta
CHEMBL2160067	CHEMBL2160067	BSQHKYLMKDAHEX-GOSISDBHSA-N	C[C@@H]1CN(c2ccc3c(Nc4ccc(Cl)c(-c5ncc(-c6ccccc6)[nH]5)c4)nccc3n2)CCO1	SmoAnta	SmoAnta
CHEMBL2160074	CHEMBL2160074	PCWHFHNXRARXTJ-LJQANCHMSA-N	C[C@@H]1CN(c2ccc3c(Nc4ccc(Cl)c(-c5ncc(-c6ccccc6)[nH]5)c4)nccc3c2)CCO1	SmoAnta	SmoAnta
CHEMBL1084835	CHEMBL1084835	YBTKSWFANAPRIN-LJQANCHMSA-N	C[C@@H]1CN(C(=O)c2ccccc2)CCN1c1nnc(-c2ccccc2)c2ccccc12	SmoAnta	SmoAnta
CHEMBL1084730	CHEMBL1084730	CBJPPBRKQOIGLI-HXUWFJFHSA-N	C[C@@H]1CN(C(=O)c2ccccc2)CCN1c1nnc(-c2ccc(C3CC3)cc2)c2ccccc12	SmoAnta	SmoAnta
CHEMBL2059865	CHEMBL2059865	KMSKKYBHDQYHMC-UHFFFAOYSA-N	Cc1ccc(-c2ncc[nH]2)cc1NC(=O)c1ccc(OCc2ccccn2)cc1	SmoAnta	SmoAnta
CHEMBL2059863	CHEMBL2059863	BQZARCIQCQXWNH-UHFFFAOYSA-N	Cc1ccc(-c2ncc(C(F)(F)F)[nH]2)cc1NC(=O)c1ccc(OCc2ccccn2)cc1	SmoAnta	SmoAnta
CHEMBL2142592	CHEMBL2142592	SZBGQDXLNMELTB-UHFFFAOYSA-N	CN(C(=O)c1ccc(F)cc1C(F)(F)F)C1CCN(c2nnc(-c3ccnn3C)c3ccccc23)CC1	SmoAnta	SmoAnta
CHEMBL2059864	CHEMBL2059864	GMVNSGUKXHWVSS-UHFFFAOYSA-N	Cc1cnc(-c2ccc(C)c(NC(=O)c3ccc(OCc4ccccn4)cc3)c2)[nH]1	SmoAnta	SmoAnta
CHEMBL2160077	CHEMBL2160077	JSYOFULTRNYMKK-UHFFFAOYSA-N	Clc1ccc(Nc2nccc3cc(N4CCOCC4)ccc23)cc1-c1ncc(-c2ccccc2)[nH]1	SmoAnta	SmoAnta
CHEMBL2160208	CHEMBL2160208	CHEGQSMAFNABCA-UHFFFAOYSA-N	O=C(NC1CCN(Cc2ccc(N3CCC(NC(=O)c4cccc(-c5cccnc5)c4)CC3)nc2)CC1)c1cccc(-c2cccnc2)c1	SmoAnta	SmoAnta
CHEMBL485870	CHEMBL485870	KSWYJUIFHPSZOL-UHFFFAOYSA-N	CC(C)(O)c1ccc(N2CCN(c3nnc(Cc4ccccc4)c4ccccc34)CC2)nc1	SmoAnta	SmoAnta
CHEMBL1084734	CHEMBL1084734	DRVZFOGEZROJQL-LJQANCHMSA-N	C[C@@H]1CN(C(=O)c2ccccc2)CCN1c1nnc(-c2ccc(CO)cc2)c2ccccc12	SmoAnta	SmoAnta
CHEMBL1209454	CHEMBL1209454	RPUBLKXADWXFEL-GOSISDBHSA-N	C[C@@H]1CN(C(=O)c2ccccc2)CCN1c1nnc(-c2ccccc2)c2ccncc12	SmoAnta	SmoAnta
CHEMBL4539839	CHEMBL4539839	KEXXCOSVBSDBQV-NSHDSACASA-N	C[C@H]1C(=O)N(c2ccc(Cl)cc2)C(=O)N1Cc1ccc(N=[N+]=[N-])cc1	SmoAnta	SmoAnta
CHEMBL516246	CHEMBL516246	UBHJFPVTEATUFS-UHFFFAOYSA-N	COc1cc(OC)cc(C(=O)Nc2ccc(Cl)c(-c3nc4cc(N(C)C)ccc4[nH]3)c2)c1	SmoAnta	SmoAnta
CHEMBL2160072	CHEMBL2160072	IQBYYYDDWFBIMZ-BGYRXZFFSA-N	C[C@H]1CN(c2ccc3c(Nc4ccc(Cl)c(-c5ncc(-c6ccccc6)[nH]5)c4)nccc3c2)C[C@@H](C)O1	SmoAnta	SmoAnta
CHEMBL1084736	CHEMBL1084736	BNHNNXHEHWISKR-LJQANCHMSA-N	C[C@@H]1CN(C(=O)c2ccccc2)CCN1c1nnc(-c2ccc(C#N)cc2)c2ccccc12	SmoAnta	SmoAnta
CHEMBL1083284	CHEMBL1083284	NOHJOTARDCVDLY-FQEVSTJZSA-N	Cc1ccc(-c2nnc(N3CCN(C(=O)c4ccccc4)[C@@H](C)C3)c3ccccc23)cc1	SmoAnta	SmoAnta
CHEMBL1209189	CHEMBL1209189	KBFRCAJUCXSIIS-LJQANCHMSA-N	CC(=O)Oc1ccc(-c2nnc(N3CCN(C(=O)c4ccccc4)C[C@H]3C)c3ccccc23)cc1	SmoAnta	SmoAnta
CHEMBL4278388	CHEMBL4278388	POXMVWPYGSOAKN-UHFFFAOYSA-N	CN(C(=O)c1ccc(F)cc1C(F)(F)F)C1CCN(c2ccc(-c3ccnn3C)c3ccccc23)CC1	SmoAnta	SmoAnta
CHEMBL1083914	CHEMBL1083914	WRGKWTCYKWEMBD-SFHVURJKSA-N	C[C@H]1CN(c2nnc(-c3ccc(C(F)(F)F)cc3)c3ccccc23)CCN1C(=O)c1ccccc1	SmoAnta	SmoAnta
CHEMBL474507	CHEMBL474507	LXROHYSWUUGKNY-DEOSSOPVSA-N	Cc1csc(CN[C@H]2Cc3ccc(NC(=O)c4cccc(C)c4-c4ccc(C(F)(F)F)cc4)cc3C2)n1	SmoAnta	SmoAnta
CHEMBL1813106	CHEMBL1813106	VKKSTFWZGBMPED-PUHATCMVSA-N	O=C(Nc1cccnc1-c1cccc(Cl)c1)N1CCN2C(=O)N([C@H]3C[C@@H]3c3ccccc3)C(=O)[C@@H]2C1	SmoAnta	SmoAnta
CHEMBL1085503	CHEMBL1085503	TXGXKZZXXYWZPZ-UHFFFAOYSA-N	Cc1ccc(-c2nnc(N3CCN(C(=O)c4ccccc4)CC3)c3ccccc23)cc1	SmoAnta	SmoAnta
CHEMBL1209190	CHEMBL1209190	CHFXIDUMOCYPOA-LJQANCHMSA-N	C[C@@H]1CN(C(=O)c2ccccc2)CCN1c1nnc(-c2ccc(CC(N)=O)cc2)c2ccccc12	SmoAnta	SmoAnta
CHEMBL2043435	CHEMBL2043435	RXTFXQUMCIINQD-CRAIPNDOSA-N	CN1CC[C@@H](NC(=O)Nc2ccc(C(F)(F)F)cc2)C[C@@H]1c1nc2ccccc2[nH]1	SmoAnta	SmoAnta
CHEMBL2043430	CHEMBL2043430	GFIVAICXNHIFGK-UHFFFAOYSA-N	O=C(Nc1cccc(-c2nc3ccccc3[nH]2)c1)c1ccc2c(c1)OCCO2	SmoAnta	SmoAnta
CHEMBL2043437	CHEMBL2043437	SFNSLLSYNZWZQG-VQIMIIECSA-N	CN1CC[C@@H](NC(=O)Nc2ccc(C#N)cc2)C[C@@H]1c1nc2ccccc2[nH]1	SmoAnta	SmoAnta
CHEMBL561533	CHEMBL561533	WATNXVHKRRTUFK-UHFFFAOYSA-N	CCCC(CCC)C(=O)NCc1ccc2c(cnn2-c2ccccc2OC)c1	SmoAnta	SmoAnta
CHEMBL2059859	CHEMBL2059859	XXXYUGWOUJSRGE-UHFFFAOYSA-N	Cc1ccc(-c2nc3ccccc3[nH]2)cc1NC(=O)c1ccc(OCc2ccccn2)cc1	SmoAnta	SmoAnta
CHEMBL2031290	CHEMBL2031290	BKTMNLKJWHVZRN-UHFFFAOYSA-N	COc1cc(C(=O)NC(=N)Nc2ccc(C)c(NC(=O)c3ccc(-c4ccccc4)cc3)c2)cc(OC)c1OC	SmoAnta	SmoAnta
CHEMBL2059866	CHEMBL2059866	IIZZQZANQFYVIQ-UHFFFAOYSA-N	Cc1ccc(-c2cn(C)cn2)cc1NC(=O)c1ccc(OCc2ccccn2)cc1	SmoAnta	SmoAnta
CHEMBL2160070	CHEMBL2160070	KUPFPZOAOUKIHE-BGYRXZFFSA-N	C[C@H]1CN(c2ccc3c(Nc4ccc(Cl)c(-c5ncc(-c6ccccc6)[nH]5)c4)cccc3n2)C[C@@H](C)O1	SmoAnta	SmoAnta
CHEMBL1084737	CHEMBL1084737	ZLWZFEJOMGNVHJ-HXUWFJFHSA-N	C[C@@H]1CN(C(=O)c2ccccc2)CCN1c1nnc(-c2ccc(N(C)C)cc2)c2ccccc12	SmoAnta	SmoAnta
CHEMBL1084837	CHEMBL1084837	SVXZBNFZXBKVGT-UHFFFAOYSA-N	O=C(c1ccccc1)N1CCN(c2nnc(-c3ccc(Cl)cc3)c3ccccc23)CC1	SmoAnta	SmoAnta
CHEMBL1086045	CHEMBL1086045	YNEHHYSBEUXFNE-IBGZPJMESA-N	C[C@H]1CN(c2nnc(-c3ccccc3)c3ccccc23)CCN1C(=O)c1ccccc1	SmoAnta	SmoAnta
CHEMBL1086048	CHEMBL1086048	YBTKSWFANAPRIN-IBGZPJMESA-N	C[C@H]1CN(C(=O)c2ccccc2)CCN1c1nnc(-c2ccccc2)c2ccccc12	SmoAnta	SmoAnta
CHEMBL471672	CHEMBL471672	SRVDVWZPQCJMEN-VWLOTQADSA-N	Cc1ccc(CN[C@H]2Cc3ccc(NC(=O)c4cccc(C)c4-c4ccc(C(F)(F)F)cc4)cc3C2)o1	SmoAnta	SmoAnta
CHEMBL2059862	CHEMBL2059862	ICEFWVJUDOWXTD-UHFFFAOYSA-N	Cc1ccc(-c2ncc(C)n2C)cc1NC(=O)c1ccc(OCc2ccccn2)cc1	SmoAnta	SmoAnta
CHEMBL1824915	CHEMBL1824915	YWCQFUMHTWJNBJ-UHFFFAOYSA-N	O=C(Nc1ccc(-c2cccc(-c3ccccc3)c2)cc1)c1ccccc1Cl	SmoAnta	SmoAnta
CHEMBL1083285	CHEMBL1083285	RPTGIXNGRCNLKP-SFHVURJKSA-N	C[C@H]1CN(c2nnc(-c3ccc(Cl)cc3)c3ccccc23)CCN1C(=O)c1ccccc1	SmoAnta	SmoAnta
CHEMBL2059867	CHEMBL2059867	VHCKBVYAKAYQCA-UHFFFAOYSA-N	Cc1nc(-c2ccc(C)c(NC(=O)c3ccc(OCc4ccccn4)cc3)c2)c[nH]1	SmoAnta	SmoAnta
CHEMBL473417	CHEMBL473417	BPQMGSKTAYIVFO-UHFFFAOYSA-N	CS(=O)(=O)c1ccc(C(=O)Nc2ccc(Cl)c(-c3ccccn3)c2)c(Cl)c1	SmoAnta	SmoAnta
CHEMBL4441529	CHEMBL4441529	FUGSGMMXUVQDOY-NQIIRXRSSA-N	Cc1ccc(NCc2ccnn2-c2nnc(N3CCC(C(=O)N[C@H]4CCCC[C@H]4C)CC3)s2)nc1	SmoAnta	SmoAnta
CHEMBL4441310	CHEMBL4441310	FUGSGMMXUVQDOY-UHFFFAOYSA-N	Cc1ccc(NCc2ccnn2-c2nnc(N3CCC(C(=O)NC4CCCCC4C)CC3)s2)nc1	SmoAnta	SmoAnta
CHEMBL1824916	CHEMBL1824916	RMSFNUADGQRBNN-UHFFFAOYSA-N	O=C(Nc1ccc(-c2cc(-c3ccccc3)ccn2)cc1)c1ccccc1Cl	SmoAnta	SmoAnta
CHEMBL1084731	CHEMBL1084731	WYYKEIXTWACNOH-OAQYLSRUSA-N	CC(C)c1ccc(-c2nnc(N3CCN(C(=O)c4ccccc4)C[C@H]3C)c3ccccc23)cc1	SmoAnta	SmoAnta
CHEMBL473896	CHEMBL473896	CBSYYIOBMXSLKK-MHZLTWQESA-N	Cc1cccc(C(=O)Nc2ccc3c(c2)C[C@@H](NCc2ccccc2)C3)c1-c1ccc(C(F)(F)F)cc1	SmoAnta	SmoAnta
CHEMBL1209314	CHEMBL1209314	QOWBMSKVQFFCNY-HXUWFJFHSA-N	C[C@@H]1CN(C(=O)c2ccccc2)CCN1c1nnc(-n2ccc3ccccc32)c2ccccc12	SmoAnta	SmoAnta
CHEMBL4567678	CHEMBL4567678	FUGSGMMXUVQDOY-GHTZIAJQSA-N	Cc1ccc(NCc2ccnn2-c2nnc(N3CCC(C(=O)N[C@@H]4CCCC[C@@H]4C)CC3)s2)nc1	SmoAnta	SmoAnta
CHEMBL1209251	CHEMBL1209251	YOWPYZSCODTISF-GOSISDBHSA-N	C[C@@H]1CN(C(=O)c2ccccc2)CCN1c1nnc(-n2cccc2)c2ccccc12	SmoAnta	SmoAnta
CHEMBL474503	CHEMBL474503	JPOBQBQZOFXPBG-DEOSSOPVSA-N	Cc1cccc(C(=O)Nc2ccc3c(c2)C[C@@H](NCc2cccs2)C3)c1-c1ccc(C(F)(F)F)cc1	SmoAnta	SmoAnta
CHEMBL4472296	CHEMBL4472296	IOWOXOWWWSDVKI-YWEHKCAJSA-N	C[C@]1(c2ccc(Cl)cc2Cl)OC[C@@H](COc2ccc(N3CCN(c4ccc(NC(=O)NN)cc4)CC3)cc2)O1	SmoAnta	SmoAnta
CHEMBL1813111	CHEMBL1813111	CSFRZGLSUQFFQY-HKBOAZHASA-N	O=C(Nc1ccnn1-c1cccc(F)c1)N1CCN2C(=O)N([C@H]3C[C@@H]3c3ccccc3)C(=O)[C@@H]2C1	SmoAnta	SmoAnta
CHEMBL2059871	CHEMBL2059871	GTYGXABMOCTPEJ-UHFFFAOYSA-N	Cc1ccc(-c2cc(C(F)(F)F)n[nH]2)cc1NC(=O)c1ccc(OCc2ccccn2)cc1	SmoAnta	SmoAnta
CHEMBL2059868	CHEMBL2059868	WEBMPRYNVSZEAK-UHFFFAOYSA-N	Cc1ccc(-c2[nH]cnc2C)cc1NC(=O)c1ccc(OCc2ccccn2)cc1	SmoAnta	SmoAnta
CHEMBL1083104	CHEMBL1083104	NZDDSVZRFYCJOD-UHFFFAOYSA-N	O=C(c1nccs1)N1CCN(c2nnc(-c3ccccc3)c3ccccc23)CC1	SmoAnta	SmoAnta
CHEMBL3965352	CHEMBL3965352	JMXYJARAWTZWPL-BLIXFSHQSA-N	Cc1ccc2c(n1)[C@H]([C@@H](C)C(=O)Nc1ccc(Cl)c(-c3nc4ccccc4n3C)c1)CC[C@H]2C	SmoAnta	SmoAnta
CHEMBL519219	CHEMBL519219	VTOXWJFHHUSEIN-UHFFFAOYSA-N	OC1(c2ccc(N3CCN(c4nnc(Cc5ccccc5)c5ccccc45)CC3)nc2)CC1	SmoAnta	SmoAnta
CHEMBL474893	CHEMBL474893	BDOBNHGYFGVFDD-QHCPKHFHSA-N	Cc1cccc(C(=O)Nc2ccc3c(c2)C[C@@H](NCc2nccs2)C3)c1-c1ccc(C(F)(F)F)cc1	SmoAnta	SmoAnta
CHEMBL4159710	CHEMBL4159710	HLJJPNKPVPBXAY-UHFFFAOYSA-N	COc1cc(C(=O)NC(=N)Nc2cccc(NC(=O)c3ccc(-c4ccccc4)cc3)c2)cc(OC)c1OC	SmoAnta	SmoAnta
CHEMBL1084733	CHEMBL1084733	VRSCFUXNCAWXED-OAQYLSRUSA-N	C[C@@H]1CN(C(=O)c2ccccc2)CCN1c1nnc(-c2ccc(C(C)(C)C)cc2)c2ccccc12	SmoAnta	SmoAnta
CHEMBL1083739	CHEMBL1083739	RLKMYAFETBKMKT-UHFFFAOYSA-N	O=C(c1ccccc1)N1CCN(c2nnc(-c3ccc(F)cc3)c3ccccc23)CC1	SmoAnta	SmoAnta
CHEMBL1083605	CHEMBL1083605	PVYKZONRWRBEFD-SFHVURJKSA-N	C[C@H]1CN(c2nnc(-c3ccc(F)cc3)c3ccccc23)CCN1C(=O)c1ccccc1	SmoAnta	SmoAnta
CHEMBL1813105	CHEMBL1813105	KTUAMYOQSDFRNT-PUHATCMVSA-N	O=C(Nc1cccnc1-c1ccccc1)N1CCN2C(=O)N([C@H]3C[C@@H]3c3ccccc3)C(=O)[C@@H]2C1	SmoAnta	SmoAnta
CHEMBL2059870	CHEMBL2059870	SBHODUNGGJKTHR-UHFFFAOYSA-N	Cc1ccc(-c2c(C)nn(C)c2C)cc1NC(=O)c1ccc(OCc2ccccn2)cc1	SmoAnta	SmoAnta
CHEMBL1209074	CHEMBL1209074	MKWOBJMHSUQNJB-SFHVURJKSA-N	C[C@H]1CN(C(=O)c2ccccc2)CCN1c1nnc(-c2ccc(F)cc2)c2ccccc12	SmoAnta	SmoAnta
CHEMBL1209381	CHEMBL1209381	NGWNSKUJGZMUDQ-GOSISDBHSA-N	C[C@@H]1CN(C(=O)c2ccccc2)CCN1c1nnc(-c2ccccc2)c2cnccc12	SmoAnta	SmoAnta
CHEMBL2160076	CHEMBL2160076	LEZARDOZJPVBRW-UHFFFAOYSA-N	Clc1ccc(Nc2nccc3cc(N4CCCCC4)ccc23)cc1-c1ncc(-c2ccccc2)[nH]1	SmoAnta	SmoAnta
CHEMBL1083103	CHEMBL1083103	GNAMIGXXUZCPQC-UHFFFAOYSA-N	O=C(c1ccco1)N1CCN(c2nnc(-c3ccccc3)c3ccccc23)CC1	SmoAnta	SmoAnta
CHEMBL1086284	CHEMBL1086284	YNEHHYSBEUXFNE-LJQANCHMSA-N	C[C@@H]1CN(c2nnc(-c3ccccc3)c3ccccc23)CCN1C(=O)c1ccccc1	SmoAnta	SmoAnta
CHEMBL2031277	CHEMBL2031277	ACUYNCLZSUPUPX-UHFFFAOYSA-N	COc1cc(C(=O)NC(=O)Nc2ccc(C)c(NC(=O)c3ccc(-c4ccccc4)cc3)c2)cc(OC)c1OC	SmoAnta	SmoAnta
CHEMBL1824904	CHEMBL1824904	OIMWGRZLNRQIGU-UHFFFAOYSA-N	O=C(Nc1ccc(NC(=O)c2ccccc2Cl)cc1)c1ccccc1	SmoAnta	SmoAnta
CHEMBL495877	CHEMBL495877	YAHTVMUYWFSGED-UHFFFAOYSA-N	CN(C)Cc1ccc(N2CCN(c3nnc(Cc4ccccc4)c4ccccc34)CC2)nc1	SmoAnta	SmoAnta
CHEMBL514764	CHEMBL514764	HYQMTHNENKITBQ-DEOSSOPVSA-N	Cc1cccc(C(=O)Nc2ccc3c(c2)C[C@@H](NCc2ccco2)C3)c1-c1ccc(C(F)(F)F)cc1	SmoAnta	SmoAnta
CHEMBL2031288	CHEMBL2031288	PMXQIKHOHRARGZ-UHFFFAOYSA-N	COc1cc(C(=O)NC(=N)Nc2ccc(C)c(NC(=O)c3ccc(-c4ccc(F)cc4)cc3)c2)cc(OC)c1OC	SmoAnta	SmoAnta
CHEMBL1824905	CHEMBL1824905	PITHTZJGIBVHTN-UHFFFAOYSA-N	O=C(Nc1ccc(CC(O)c2ccccc2)cc1)c1ccccc1Cl	SmoAnta	SmoAnta
CHEMBL1813109	CHEMBL1813109	TWMLIINATAHGQX-HKBOAZHASA-N	O=C(Nc1ccnn1-c1ccccc1)N1CCN2C(=O)N([C@H]3C[C@@H]3c3ccccc3)C(=O)[C@@H]2C1	SmoAnta	SmoAnta
CHEMBL1083738	CHEMBL1083738	PLDIKELNSMXLQR-UHFFFAOYSA-N	COc1ccc(-c2nnc(N3CCN(C(=O)c4ccccc4)CC3)c3ccccc23)cc1	SmoAnta	SmoAnta
CHEMBL1082387	CHEMBL1082387	WZEDNZDFRJGPBX-UHFFFAOYSA-N	Cc1ccccc1-c1nnc(N2CCN(C(=O)c3ccccc3)CC2)c2ccccc12	SmoAnta	SmoAnta
CHEMBL2059861	CHEMBL2059861	YLQZACBCJBUTDN-UHFFFAOYSA-N	Cc1ccc(-c2nccn2C)cc1NC(=O)c1ccc(OCc2ccccn2)cc1	SmoAnta	SmoAnta
CHEMBL1209380	CHEMBL1209380	GQQQIHYKIJIXIP-GOSISDBHSA-N	C[C@@H]1CN(C(=O)c2ccccc2)CCN1c1nnc(-c2ccccc2)c2cccnc12	SmoAnta	SmoAnta
CHEMBL520858	CHEMBL520858	WMJOBCUAFQWMLG-UHFFFAOYSA-N	CC(O)(CO)c1ccc(N2CCN(c3nnc(Cc4ccccc4)c4ccccc34)CC2)nc1	SmoAnta	SmoAnta
CHEMBL1084836	CHEMBL1084836	MXFIWOYHQSHCOX-UHFFFAOYSA-N	O=C(c1ccccc1)N1CCN(c2nnc(-c3ccc(Cl)c(Cl)c3)c3ccccc23)CC1	SmoAnta	SmoAnta
CHEMBL4517976	CHEMBL4517976	WEEZHTNAVCRTIJ-UHFFFAOYSA-N	CC1CCCCC1NC(=O)C1CCN(c2nnc(-n3nccc3CNc3ccccn3)s2)CC1	SmoAnta	SmoAnta
CHEMBL3818447	CHEMBL3818447	RNWIOHREDZTTIV-UHFFFAOYSA-N	Cn1c(-c2cc(N3CCc4sc(C(=O)N5CCOCC5)cc4C3)ccc2Cl)nc2ccccc21	SmoAnta	SmoAnta
CHEMBL3741651	CHEMBL3741651	MUAVGJDOVLBZDM-UHFFFAOYSA-N	O=C(NC(=O)c1ccc(OCc2ccccc2F)cc1)Nc1ccc(Cl)c(-c2nc3ccccc3[nH]2)c1	SmoAnta	SmoAnta
CHEMBL1082791	CHEMBL1082791	OEZQQFDHMPRYIY-UHFFFAOYSA-N	O=C(c1ccccc1)N1CCN(c2nnc(-c3ccccc3)c3ccccc23)CC1	SmoAnta	SmoAnta
CHEMBL2057336	CHEMBL2057336	UCIZAIFZGCLTCQ-UHFFFAOYSA-N	Cc1ccc(-c2ccc(N)nn2)cc1NC(=O)c1ccc(OCc2ccccn2)cc1	SmoAnta	SmoAnta
CHEMBL1209132	CHEMBL1209132	SGSUSGPSOCIWNM-GOSISDBHSA-N	C[C@@H]1CN(C(=O)c2ccccc2)CCN1c1nnc(-c2ccc(C(N)=O)cc2)c2ccccc12	SmoAnta	SmoAnta
CHEMBL495608	CHEMBL495608	FEGUPQZONWIBEH-UHFFFAOYSA-N	N#Cc1ccc(Cc2nnc(N3CCN(c4ccc(C#N)cn4)CC3)c3ccccc23)cc1	SmoAnta	SmoAnta
CHEMBL2043436	CHEMBL2043436	XAJBFYACHVQOEW-CRAIPNDOSA-N	CN1CC[C@@H](NC(=O)Nc2ccc(Cl)cc2)C[C@@H]1c1nc2ccccc2[nH]1	SmoAnta	SmoAnta
CHEMBL1083740	CHEMBL1083740	KFQXLGDDSNDVJS-UHFFFAOYSA-N	COc1cccc(-c2nnc(N3CCN(C(=O)c4ccccc4)CC3)c3ccccc23)c1	SmoAnta	SmoAnta
CHEMBL1082396	CHEMBL1082396	OUHVCVFZMGZUSS-UHFFFAOYSA-N	O=C(c1ccccc1)N1CCN(c2nnc(-c3ccccc3Cl)c3ccccc23)CC1	SmoAnta	SmoAnta
CHEMBL1813096	CHEMBL1813096	TWDSYKIINURWKN-VJTSUQJLSA-N	O=C(Nc1ccccc1-c1ccccc1)N1CCN2C(=O)N([C@H]3C[C@@H]3c3ccccc3)C(=O)[C@@H]2C1	SmoAnta	SmoAnta
CHEMBL2059875	CHEMBL2059875	GWEVEYFNCPGBAA-UHFFFAOYSA-N	Cc1ccc(-c2ccccn2)cc1NC(=O)c1ccc(OCc2ccccn2)cc1	SmoAnta	SmoAnta
CHEMBL2059869	CHEMBL2059869	IXUDEFMPPSTAGQ-UHFFFAOYSA-N	Cc1ccc(-c2cn(C)c(C)n2)cc1NC(=O)c1ccc(OCc2ccccn2)cc1	SmoAnta	SmoAnta
CHEMBL1209133	CHEMBL1209133	FZXUFZJZLNPHCP-JOCHJYFZSA-N	C[C@@H]1CN(C(=O)c2ccccc2)CCN1c1nnc(-c2ccc(N3CCOCC3)cc2)c2ccccc12	SmoAnta	SmoAnta
CHEMBL1084301	CHEMBL1084301	NZMPJXCOZWTZBJ-UHFFFAOYSA-N	O=C(c1cccs1)N1CCN(c2nnc(-c3ccccc3)c3ccccc23)CC1	SmoAnta	SmoAnta
CHEMBL1813107	CHEMBL1813107	RKZIYEGUDVQRLL-NHTMILBNSA-N	N#Cc1cccc(-c2ncccc2NC(=O)N2CCN3C(=O)N([C@H]4C[C@@H]4c4ccccc4)C(=O)[C@@H]3C2)c1	SmoAnta	SmoAnta
CHEMBL1813114	CHEMBL1813114	SWQLTIWVDZKVMH-SWYRRKHMSA-N	C[C@@]12CN(C(=O)Nc3ccnn3-c3ccccc3)CCN1C(=O)N([C@H]1C[C@@H]1c1ccccc1)C2=O	SmoAnta	SmoAnta
CHEMBL497238	CHEMBL497238	AOYORYCIQQUHIQ-IBGZPJMESA-N	C[C@H]1CN(c2ccc(C#N)cn2)CCN1c1nnc(Cc2ccccc2)c2ccccc12	SmoAnta	SmoAnta
CHEMBL1209248	CHEMBL1209248	KZEMAJLBMYRJAB-GOSISDBHSA-N	C[C@@H]1CN(C(=O)c2ccccc2)CCN1c1nnc(-c2ccncc2)c2ccccc12	SmoAnta	SmoAnta
CHEMBL1824917	CHEMBL1824917	CPKGJKXYTLNLMB-UHFFFAOYSA-N	O=C(Nc1ccc(-c2ccnc(-c3ccccc3)n2)cc1)c1ccccc1Cl	SmoAnta	SmoAnta
CHEMBL1824908	CHEMBL1824908	OPVREALSYXJQPI-UHFFFAOYSA-N	O=C(Nc1ccc(-c2nc(-c3ccccc3)cs2)cc1)c1ccccc1Cl	SmoAnta	SmoAnta
CHEMBL1824918	CHEMBL1824918	PRNXAIHIQHYNRE-UHFFFAOYSA-N	O=C(Nc1ccc(-c2cncc(-c3ccccc3)c2)cc1)c1ccccc1Cl	SmoAnta	SmoAnta
CHEMBL474301	CHEMBL474301	JWYGHODMDMKPPK-QVWGJOIVSA-N	Cc1cccc(C(=O)Nc2ccc3c(c2)C[C@@H](NC(C)c2ccccc2)C3)c1-c1ccc(C(F)(F)F)cc1	SmoAnta	SmoAnta
CHEMBL497437	CHEMBL497437	ISXNBYFYHJAITP-LJQANCHMSA-N	C[C@@H]1CN(c2nnc(Cc3ccccc3)c3ccccc23)CCN1c1ccc(C#N)cn1	SmoAnta	SmoAnta
CHEMBL4562943	CHEMBL4562943	LXRQCUOUHNYIEH-AWEZNQCLSA-N	C#CCOc1ccc(N2C(=O)[C@H](C)N(Cc3ccc(N=[N+]=[N-])cc3)C2=O)cc1	SmoAnta	SmoAnta
CHEMBL1824909	CHEMBL1824909	NGZBROVMEZFFKM-UHFFFAOYSA-N	O=C(Nc1ccc(-c2nc(-c3ccccc3)c(C(F)(F)F)o2)cc1)c1ccccc1Cl	SmoAnta	SmoAnta
CHEMBL2160073	CHEMBL2160073	UOIMGERGVYFCHZ-UHFFFAOYSA-N	O=S1(=O)CCN(c2ccc3c(Nc4ccc(Cl)c(-c5ncc(-c6ccccc6)[nH]5)c4)nccc3c2)CC1	SmoAnta	SmoAnta
CHEMBL1813110	CHEMBL1813110	WFNQQDXSPYQWJZ-HKBOAZHASA-N	O=C(Nc1ccnn1-c1cccc(Cl)c1)N1CCN2C(=O)N([C@H]3C[C@@H]3c3ccccc3)C(=O)[C@@H]2C1	SmoAnta	SmoAnta
CHEMBL1824919	CHEMBL1824919	GGBKBEXPUBXOCS-UHFFFAOYSA-N	O=C(Nc1ccc(-c2cccc(-c3ccccc3)n2)cc1)c1ccccc1Cl	SmoAnta	SmoAnta
CHEMBL2031287	CHEMBL2031287	XXKBGENQTBMCQV-UHFFFAOYSA-N	COc1cc(C(=O)NC(=N)Nc2cccc(NC(=O)c3ccc(-c4ccc(F)cc4)cc3)c2)cc(OC)c1OC	SmoAnta	SmoAnta
CHEMBL4632598	CHEMBL4632598	YHMNCGDXVJEIDT-UHFFFAOYSA-N	CN(C(=O)c1ccc(F)cc1C(F)(F)F)C1CCN(C(=O)c2ccccc2Nc2ccccc2)CC1	SmoAnta	SmoAnta
CHEMBL523255	CHEMBL523255	FVUDSNFHNJZONL-UHFFFAOYSA-N	CC(=O)NCc1ccc(N2CCN(c3nnc(Cc4ccccc4)c4ccccc34)CC2)nc1	SmoAnta	SmoAnta
CHEMBL2043434	CHEMBL2043434	WAMGMBQXLMDUCU-DNVCBOLYSA-N	COc1ccc(NC(=O)N[C@@H]2CCN(C)[C@@H](c3nc4ccccc4[nH]3)C2)cc1	SmoAnta	SmoAnta
CHEMBL2160069	CHEMBL2160069	MEHXIYFEOYPTCR-KDURUIRLSA-N	C[C@H]1CN(c2cnc3c(Nc4ccc(Cl)c(-c5ncc(-c6ccccc6)[nH]5)c4)cccc3n2)C[C@@H](C)O1	SmoAnta	SmoAnta
CHEMBL1824920	CHEMBL1824920	FOTLKXNAIMRPPB-UHFFFAOYSA-N	O=C(Nc1ccc(-c2nccc(-c3ccccc3)n2)cc1)c1ccccc1Cl	SmoAnta	SmoAnta
CHEMBL563928	CHEMBL563928	ZNQGGFOOUOQCLP-UHFFFAOYSA-N	CCCC(CCC)C(=O)NCc1ccc2c(cnn2-c2ccc(OC)cc2)c1	SmoAnta	SmoAnta
CHEMBL2059860	CHEMBL2059860	VMANFLQBPGTNHR-UHFFFAOYSA-N	Cc1ccc(-c2c[nH]cn2)cc1NC(=O)c1ccc(OCc2ccccn2)cc1	SmoAnta	SmoAnta
CHEMBL1824910	CHEMBL1824910	IMMNYJPTNIWRMO-UHFFFAOYSA-N	O=C(Nc1ccc(-c2ncc(-c3ccccc3)o2)cc1)c1ccccc1Cl	SmoAnta	SmoAnta
CHEMBL3604612	CHEMBL3604612	FNHRFDMOXHKTPK-UHFFFAOYSA-N	CC(=O)Nc1nc2ccc(-c3cnc(Cl)c(NC(=O)c4cccc(Cl)c4)c3)cc2s1	SmoAnta	SmoAnta
CHEMBL4444651	CHEMBL4444651	HEULIPWIILPKDI-UHFFFAOYSA-N	Cc1ccc(OCc2ccnn2-c2nnc(N3CCC(C(=O)NC4CCCCC4C)CC3)s2)nc1	SmoAnta	SmoAnta
CHEMBL1813108	CHEMBL1813108	LETJYZXNYCRDPZ-GIVPXCGWSA-N	O=C(Nc1cccnc1-c1ccsc1)N1CCN2C(=O)N([C@H]3C[C@@H]3c3ccccc3)C(=O)[C@@H]2C1	SmoAnta	SmoAnta
CHEMBL3740447	CHEMBL3740447	KGYLIVTWLRUJTC-UHFFFAOYSA-N	O=C(NC(=O)c1ccc(OCc2ccc(F)cc2)cc1)Nc1ccc(Cl)c(-c2nc3ccccc3[nH]2)c1	SmoAnta	SmoAnta
CHEMBL2059872	CHEMBL2059872	FPCRNQDPAAFAKL-UHFFFAOYSA-N	Cc1ccc(-c2ncc(CN3CCOCC3)s2)cc1NC(=O)c1ccc(OCc2ccccn2)cc1	SmoAnta	SmoAnta
CHEMBL2043432	CHEMBL2043432	WJZXLGBXZRBBHC-CRAIPNDOSA-N	CN1CC[C@@H](NC(=O)c2ccc3c(c2)OCCO3)C[C@@H]1c1nc2ccccc2[nH]1	SmoAnta	SmoAnta
CHEMBL2059873	CHEMBL2059873	PHBQBIRMGCWSED-UHFFFAOYSA-N	Cc1ccc(-c2nccs2)cc1NC(=O)c1ccc(OCc2ccccn2)cc1	SmoAnta	SmoAnta
CHEMBL1824911	CHEMBL1824911	ZRNCTFRKDRWUBT-UHFFFAOYSA-N	Cc1oc(-c2ccc(NC(=O)c3ccccc3Cl)cc2)nc1-c1ccccc1	SmoAnta	SmoAnta
CHEMBL2043433	CHEMBL2043433	LYAJEDCSRBEEKH-CRAIPNDOSA-N	CN1CC[C@@H](NC(=O)Nc2ccc3c(c2)OCCO3)C[C@@H]1c1nc2ccccc2[nH]1	SmoAnta	SmoAnta
CHEMBL3960082	CHEMBL3960082	BNLXSWAXHNDUIW-MDYRTPRTSA-N	Cc1ccc2c(n1)[C@H]([C@@H](C)C(=O)Nc1ccc(Cl)c(-c3nc4ccccc4[nH]3)c1)CC[C@H]2C	SmoAnta	SmoAnta
CHEMBL495875	CHEMBL495875	BXINLBSXEZUXRW-UHFFFAOYSA-N	NC(=O)c1ccc(N2CCN(c3nnc(Cc4ccccc4)c4ccccc34)CC2)nc1	SmoAnta	SmoAnta
CHEMBL4532846	CHEMBL4532846	QQSQPCXXWJQUFI-UHFFFAOYSA-N	Cc1ccc(NCc2ccnn2-c2nnc(N3CCC(C(=O)NC4CCCCC4C)CC3)s2)cc1	SmoAnta	SmoAnta
CHEMBL4167751	CHEMBL4167751	DHJIPDRETQSSMG-UHFFFAOYSA-N	Cc1ccc(NCc2cccn2-c2nnc(N3CCC(C(=O)NC4CCCCC4C)CC3)s2)cc1	SmoAnta	SmoAnta
CHEMBL1813095	CHEMBL1813095	TWDSYKIINURWKN-UHFFFAOYSA-N	O=C(Nc1ccccc1-c1ccccc1)N1CCN2C(=O)N(C3CC3c3ccccc3)C(=O)C2C1	SmoAnta	SmoAnta
CHEMBL1824921	CHEMBL1824921	MYHPWCWLENPWDT-UHFFFAOYSA-N	O=C(Nc1ccc(-c2cc(-c3ccccc3)ncn2)cc1)c1ccccc1Cl	SmoAnta	SmoAnta
CHEMBL1824906	CHEMBL1824906	LMDSUMQNYXYXBJ-ZHACJKMWSA-N	O=C(Nc1ccc(/C=C/c2ccccc2)cc1)c1ccccc1Cl	SmoAnta	SmoAnta
CHEMBL4558043	CHEMBL4558043	NFHIMSQYKJQBFK-UHFFFAOYSA-N	Cc1ccc(NCc2ccnn2-c2nnc(N3CCC(C(=O)NC4CCCCC4C)CC3)s2)cn1	SmoAnta	SmoAnta
CHEMBL3978393	CHEMBL3978393	BGMHGWBNXBMNQS-CEQIKUNHSA-N	Cc1ccc2c(n1)[C@H]([C@@H](C)C(=O)Nc1ccc(Cl)c(-c3nc4ccc(OC(F)(F)F)cc4n3C)c1)CC[C@H]2C	SmoAnta	SmoAnta
CHEMBL3819559	CHEMBL3819559	SCGNCABRINRVFS-UHFFFAOYSA-N	Cn1c(-c2cc(N3CCc4sc(C(=O)Nc5cccnc5)cc4C3)ccc2Cl)nc2ccccc21	SmoAnta	SmoAnta
CHEMBL4437383	CHEMBL4437383	JYZNZGFWMZHQSU-UHFFFAOYSA-N	Cc1ccc(CCc2ccnn2-c2nnc(N3CCC(C(=O)NC4CCCCC4C)CC3)s2)nc1	SmoAnta	SmoAnta
CHEMBL142972	CHEMBL142972	VFQLHOJNCNGPIK-SANMLTNESA-N	Cc1cccc(C(=O)Nc2ccc3c(c2)C[C@@H](NCc2ccccn2)C3)c1-c1ccc(C(F)(F)F)cc1	SmoAnta	SmoAnta
CHEMBL451194	CHEMBL451194	UXLKIQSUIGDTJN-QUWDGAPNSA-N	Cc1cccc(C(=O)Nc2ccc3c(c2)C[C@@H](NC(c2ccccc2)C(F)(F)F)C3)c1-c1ccc(C(F)(F)F)cc1	SmoAnta	SmoAnta
CHEMBL1209250	CHEMBL1209250	QWVUPJNQFNNUHI-GOSISDBHSA-N	C[C@@H]1CN(C(=O)c2ccccc2)CCN1c1nnc(-c2ccccn2)c2ccccc12	SmoAnta	SmoAnta
CHEMBL4160906	CHEMBL4160906	BHJOPDWUQSDHDN-UHFFFAOYSA-N	Cc1ccc(NCc2cccn2-c2nnc(N3CCC(C(=O)NC4CCCCC4C)CC3)s2)nc1	SmoAnta	SmoAnta
CHEMBL4441183	CHEMBL4441183	YRXQKGLBTVAKSC-LBPRGKRZSA-N	C[C@H]1C(=O)N(c2ccc(N=[N+]=[N-])cc2)C(=O)N1Cc1ccccc1	SmoAnta	SmoAnta
CHEMBL4586057	CHEMBL4586057	GHAJNZREWTZYQJ-LBPRGKRZSA-N	C[C@H]1C(=O)N(c2ccc(Cl)cc2)C(=O)N1Cc1ccccc1	SmoAnta	SmoAnta
CHEMBL1813113	CHEMBL1813113	KKLDDEYDXMGNQG-APJNYFBKSA-N	C[C@@]12CN(C(=O)Nc3ccccc3-c3ccccc3)CCN1C(=O)N([C@H]1C[C@@H]1c1ccccc1)C2=O	SmoAnta	SmoAnta
CHEMBL485869	CHEMBL485869	KDLLHJVVUKOKAC-UHFFFAOYSA-N	CC(O)c1ccc(N2CCN(c3nnc(Cc4ccccc4)c4ccccc34)CC2)nc1	SmoAnta	SmoAnta
CHEMBL2057337	CHEMBL2057337	UGRDXUPKHPRFPG-UHFFFAOYSA-N	Cc1ccc(-c2ncnc3nc[nH]c23)cc1NC(=O)c1ccc(OCc2ccccn2)cc1	SmoAnta	SmoAnta
CHEMBL2031268	CHEMBL2031268	CTXQODCQOSYYDE-UHFFFAOYSA-N	COc1cc(C(=O)NC(=S)Nc2ccc(C)c(NC(=O)c3ccc(-c4ccccc4)cc3)c2)cc(OC)c1OC	SmoAnta	SmoAnta
CHEMBL1824912	CHEMBL1824912	LUKYCZAFFFGYFU-UHFFFAOYSA-N	O=C(Nc1ccc(-c2nc(-c3ccccc3)co2)cc1)c1ccccc1Cl	SmoAnta	SmoAnta
CHEMBL3604610	CHEMBL3604610	AMKJOZJHIFQMGK-UHFFFAOYSA-N	CC(=O)Nc1nc2ccc(-c3cnc(Cl)c(NC(=O)c4ccccc4)c3)cc2s1	SmoAnta	SmoAnta
CHEMBL1209379	CHEMBL1209379	OXMUCRYLSXXWCZ-GOSISDBHSA-N	C[C@@H]1CN(C(=O)c2ccccc2)CCN1c1nnc(-c2ccccc2)c2ncccc12	SmoAnta	SmoAnta
CHEMBL1813104	CHEMBL1813104	NHMANSSYHODKLI-MNEFBYGVSA-N	CS(=O)(=O)c1cc(Cl)c(NC(=O)N2CCN3C(=O)N([C@H]4C[C@@H]4c4ccccc4)C(=O)[C@@H]3C2)c(Cl)c1	SmoAnta	SmoAnta
CHEMBL4282915	CHEMBL4282915	FNHOKMOUMFIPIJ-UHFFFAOYSA-N	CN(Cc1ccc(F)cc1C(F)(F)F)C1CCN(c2nnc(-c3ccnn3C)c3ccccc23)CC1	SmoAnta	SmoAnta
CHEMBL497534	CHEMBL497534	JPZXODFKBNJWRN-UHFFFAOYSA-N	N#Cc1ccc(N2CCN(c3nnc(Cc4ccccc4)c4ccccc34)CC2)nc1	SmoAnta	SmoAnta
CHEMBL4593367	CHEMBL4593367	DCASIUSCLHNNMF-UHFFFAOYSA-N	CC1CCCCC1NC(=O)C1CCN(c2nnc(-n3nccc3CNc3cccnc3)s2)CC1	SmoAnta	SmoAnta
CHEMBL562270	CHEMBL562270	QFVLIKLKPJSXTI-UHFFFAOYSA-N	CCCC(CCC)C(=O)NCc1ccc2c(cnn2-c2cccc(C)c2)c1	SmoAnta	SmoAnta
CHEMBL2031283	CHEMBL2031283	YNLHOWKIBTVLJY-UHFFFAOYSA-N	COc1cc(C(=O)NC(=N)Nc2cccc(-c3cc4ccccc4[nH]3)c2)cc(OC)c1OC	SmoAnta	SmoAnta
CHEMBL2031289	CHEMBL2031289	ZPIAOPVJUMQOBA-UHFFFAOYSA-N	COc1cc(C(=O)NC(=N)Nc2ccc(Cl)c(NC(=O)c3ccc(-c4ccccc4)cc3)c2)cc(OC)c1OC	SmoAnta	SmoAnta
CHEMBL2043438	CHEMBL2043438	KQGCUNKVTNXVJV-VQIMIIECSA-N	CN1CC[C@@H](NC(=O)Nc2cccc(C#N)c2)C[C@@H]1c1nc2ccccc2[nH]1	SmoAnta	SmoAnta
CHEMBL1813103	CHEMBL1813103	QZCVQRVVICEEFU-UXPWSPDFSA-N	CN(C)C(=O)c1cc(Cl)c(NC(=O)N2CCN3C(=O)N([C@H]4C[C@@H]4c4ccccc4)C(=O)[C@@H]3C2)c(Cl)c1	SmoAnta	SmoAnta
CHEMBL1209249	CHEMBL1209249	AKOJLDAHTHCOQS-GOSISDBHSA-N	C[C@@H]1CN(C(=O)c2ccccc2)CCN1c1nnc(-c2cccnc2)c2ccccc12	SmoAnta	SmoAnta
CHEMBL1824907	CHEMBL1824907	ITLBPKXXBVQYGP-UHFFFAOYSA-N	O=C(Cc1ccc(NC(=O)c2ccccc2Cl)cc1)c1ccccc1	SmoAnta	SmoAnta
CHEMBL4447291	CHEMBL4447291	TZIQHGCHCGQYCE-UHFFFAOYSA-N	Cc1ccc(NCc2ccnn2-c2nnc(N3CCC(C(=O)NC4CCCCC4C)CC3)s2)nn1	SmoAnta	SmoAnta
CHEMBL474302	CHEMBL474302	BJLHXLVEGNRDCK-SANMLTNESA-N	Cc1cccc(C(=O)Nc2ccc3c(c2)C[C@@H](Nc2ccccc2)C3)c1-c1ccc(C(F)(F)F)cc1	SmoAnta	SmoAnta
CHEMBL3979327	CHEMBL3979327	OLFLHBPHXDMFBX-CEQIKUNHSA-N	Cc1ccc2c(n1)[C@H]([C@@H](C)C(=O)Nc1ccc(Cl)c(-c3nc4cc(OC(F)(F)F)ccc4n3C)c1)CC[C@H]2C	SmoAnta	SmoAnta
CHEMBL3262641	CHEMBL3262641	HIHLXJPQPZIWJY-UHFFFAOYSA-N	Cc1cnc(-c2cc(N3CCn4cc(C(=O)Nc5cccc(F)c5)nc4C3)ncc2Cl)c(C)c1	SmoAnta	SmoAnta
CHEMBL2043431	CHEMBL2043431	BLFYHCYJCRNVIH-GOEBONIOSA-N	O=C(N[C@@H]1CCC[C@H](c2nc3ccccc3[nH]2)C1)c1ccc2c(c1)OCCO2	SmoAnta	SmoAnta
CHEMBL4450586	CHEMBL4450586	CZRAKZRYPDKNPT-KUFVUHJUSA-N	CC(=O)c1cccc(C(=O)Nc2ccc(N3CCN(c4ccc(OC[C@@H]5CO[C@](C)(c6ccc(Cl)cc6Cl)O5)cc4)CC3)cc2)c1	SmoAnta	SmoAnta
CHEMBL1824913	CHEMBL1824913	WBYRHHSGTGEDGI-UHFFFAOYSA-N	O=C(Nc1ccc(-c2nnc(-c3ccccc3)o2)cc1)c1ccccc1Cl	SmoAnta	SmoAnta
CHEMBL495876	CHEMBL495876	QRGLOHALUOQSDT-UHFFFAOYSA-N	NS(=O)(=O)c1ccc(N2CCN(c3nnc(Cc4ccccc4)c4ccccc34)CC2)nc1	SmoAnta	SmoAnta
CHEMBL2031098	CHEMBL2031098	IMEJXNWJYWVOFQ-UHFFFAOYSA-N	COc1cc(C(=O)NC(=S)Nc2cccc(NC(=O)c3ccc(-c4ccccc4)cc3)c2)cc(OC)c1OC	SmoAnta	SmoAnta
CHEMBL1082790	CHEMBL1082790	UUIBULQVFCMBIS-UHFFFAOYSA-N	CC(=O)N1CCN(c2nnc(-c3ccccc3)c3ccccc23)CC1	SmoAnta	SmoAnta
CHEMBL4441914	CHEMBL4441914	LTYYEIAHBORAIW-ZDUSSCGKSA-N	C[C@H]1C(=O)N(c2ccc(Cl)cc2)C(=O)N1CCc1ccccc1	SmoAnta	SmoAnta
CHEMBL3818034	CHEMBL3818034	QCVBGUMHHARGJQ-UHFFFAOYSA-N	Cn1c(-c2cc(N3CCc4sc(C(=O)N5CCN(c6ncccn6)CC5)cc4C3)ccc2Cl)nc2ccccc21	SmoAnta	SmoAnta
CHEMBL471881	CHEMBL471881	YZGYHMBCXQCNDC-MHZLTWQESA-N	COc1ccc(CN[C@H]2Cc3ccc(NC(=O)c4cccc(C)c4-c4ccc(C(F)(F)F)cc4)cc3C2)cc1	SmoAnta	SmoAnta
CHEMBL1824922	CHEMBL1824922	CWNYUTULGYMZAL-UHFFFAOYSA-N	O=C(Nc1ccc(-c2ccnc(-c3ccccc3)c2)cc1)c1ccccc1Cl	SmoAnta	SmoAnta
CHEMBL1824914	CHEMBL1824914	FNDZBCKCGJZQSS-UHFFFAOYSA-N	O=C(Nc1ccc(-c2coc(-c3ccccc3)n2)cc1)c1ccccc1Cl	SmoAnta	SmoAnta
CHEMBL1082967	CHEMBL1082967	MQYNXJPLIZPLLU-SFHVURJKSA-N	C[C@H]1CN(c2nnc(-c3ccncc3)c3ccccc23)CCN1C(=O)c1ccccc1	SmoAnta	SmoAnta
CHEMBL3909078	CHEMBL3909078	UKPKRZITSROJHF-UHFFFAOYSA-N	COC(C)(C)c1cnc(N2CCC(c3nnc(Cc4ccccc4)c(C)c3C)CC2)cn1	SmoAnta	SmoAnta
CHEMBL3966631	CHEMBL3966631	KJDLULARMUCFQZ-LJQANCHMSA-N	CCN(CCO)C(=O)c1cnc(N2CCN(c3nnc(Cc4ccccc4)c(C)c3C)C[C@H]2C)cn1	SmoAnta	SmoAnta
CHEMBL3903125	CHEMBL3903125	BRTCBDHYZVDJEV-QGZVFWFLSA-N	Cc1c(Cc2ccccc2)nnc(N2CCN(c3ncc(C(=O)N(C)CCO)c(C(F)(F)F)n3)[C@H](C)C2)c1C	SmoAnta	SmoAnta
CHEMBL3944996	CHEMBL3944996	RWWHUFSRPTXRGJ-UHFFFAOYSA-N	Fc1ccc(Cc2nnc(N3CCN(c4ccc(C(F)(F)F)cn4)CC3)c3c2CCC3)cc1	SmoAnta	SmoAnta
CHEMBL3983372	CHEMBL3983372	ALIIHZDSJZMICA-UHFFFAOYSA-N	CCOC(=O)c1ccc(N2CCN(c3nnc(Cc4ccc(F)cc4)c(C)c3C)CC2)nc1	SmoAnta	SmoAnta
CHEMBL3974732	CHEMBL3974732	HOWUQANRKNHXOD-UHFFFAOYSA-N	COc1ccc(-c2nnc(N3CCN(c4ncc(C(C)(C)O)c(C(F)(F)F)n4)CC3)c(C)c2C)cc1	SmoAnta	SmoAnta
CHEMBL3939322	CHEMBL3939322	NJXIJWNLJNZAKT-LJQANCHMSA-N	Cc1c(-c2ccc(C(F)(F)F)cc2)nnc(N2CCN(c3cnc(C(=O)N4CCC5(CC4)OCCO5)cn3)[C@H](C)C2)c1C	SmoAnta	SmoAnta
CHEMBL3934045	CHEMBL3934045	QVASOWTYSOFYRT-MRXNPFEDSA-N	Cc1c(Cc2ccccc2)nnc(N2CCN(c3cnc(C(=O)CO)cn3)[C@H](C)C2)c1C	SmoAnta	SmoAnta
CHEMBL3927351	CHEMBL3927351	JLZABUVHJBAZAJ-UHFFFAOYSA-N	Cc1c(-c2ccc(F)c(C#N)c2)nnc(N2CCN(c3ccc(C(F)(F)F)cn3)CC2)c1C	SmoAnta	SmoAnta
CHEMBL3898393	CHEMBL3898393	NHOHZWDIZNEPTA-UHFFFAOYSA-N	CCCCOC(=O)c1cnc(N2CCN(c3nnc(-c4ccc(F)c(C#N)c4)c(C)c3C)CC2)cc1C(F)(F)F	SmoAnta	SmoAnta
CHEMBL3978073	CHEMBL3978073	ZAFPQPYEWPQRTC-SMFUYQKNSA-N	Cc1c(Cc2ccccc2)nnc(N2CCN(c3cnc(C(C)(O)CO)cn3)[C@H](C)C2)c1C	SmoAnta	SmoAnta
CHEMBL3922084	CHEMBL3922084	AXUJYWGLEYBMLN-OAHLLOKOSA-N	Cc1c(-c2ccncc2)nnc(N2CCN(c3cnc(C(C)(C)O)cn3)[C@H](C)C2)c1C	SmoAnta	SmoAnta
CHEMBL3955346	CHEMBL3955346	FRZVZDAANFFARF-UHFFFAOYSA-N	Cc1ccccc1Cc1nnc(N2CCN(c3ccc(C(F)(F)F)cn3)CC2)c2c1CCC2	SmoAnta	SmoAnta
CHEMBL3902706	CHEMBL3902706	UMYIUACAFHCDRE-MRXNPFEDSA-N	CC(=O)c1cnc(N2CCN(c3nnc(Cc4ccccc4)c4c3CCC4)C[C@H]2C)nc1C(F)(F)F	SmoAnta	SmoAnta
CHEMBL3926840	CHEMBL3926840	RGTBFZDODFBZGR-QNSVNVJESA-N	Cc1c(Cc2ccccc2)nnc(N2CCN(c3cnc(C(=O)NCC(C)O)cn3)[C@H](C)C2)c1C	SmoAnta	SmoAnta
CHEMBL3986419	CHEMBL3986419	NLJMCJNUWCYNEP-OAHLLOKOSA-N	COC(=O)c1cnc(N2CCN(c3nnc(Nc4ccccc4)c(C)c3C)C[C@H]2C)cn1	SmoAnta	SmoAnta
CHEMBL3953985	CHEMBL3953985	GGAMUQQEZLZFLZ-UHFFFAOYSA-N	Cc1c(-c2ccc(C(F)(F)F)cc2)nnc(N2CCN(c3ccc(C(F)(F)F)cn3)CC2)c1C	SmoAnta	SmoAnta
CHEMBL3950917	CHEMBL3950917	KHXZLBZNBBSBCL-UHFFFAOYSA-N	CC(C)(O)c1ccc(N2CCN(c3nnc(Cc4ccc(F)cc4)c4c3CCC4)CC2)nc1	SmoAnta	SmoAnta
CHEMBL3954626	CHEMBL3954626	OQUABSTXPLIQBO-GOSISDBHSA-N	Cc1c(Cc2ccccc2)nnc(N2CCN(c3cnc(C(=O)NC(C)C)cn3)[C@H](C)C2)c1C	SmoAnta	SmoAnta
CHEMBL3930632	CHEMBL3930632	OORARZMIZIGXRP-UHFFFAOYSA-N	CC(C)(C)c1ccc(N2CCN(c3nnc(Cc4ccc(F)cc4)c4c3CCCC4)CC2)cc1	SmoAnta	SmoAnta
CHEMBL3959845	CHEMBL3959845	UZEJKTMAJCDBID-QGZVFWFLSA-N	CCCCOC(=O)c1cnc(N2CCN(c3nnc(-c4cccnc4)c(C)c3C)C[C@H]2C)cc1C(F)(F)F	SmoAnta	SmoAnta
CHEMBL3927630	CHEMBL3927630	MXYVDGBMUWHEFC-ADRQNKRLSA-N	Cc1c(C(O)c2ccccc2)nnc(N2CCN(c3cnc(C(C)(C)O)cn3)[C@H](C)C2)c1C	SmoAnta	SmoAnta
CHEMBL3927084	CHEMBL3927084	UAIAGAAYSWOKMP-CQSZACIVSA-N	Cc1c(Cc2ccc(F)cc2F)nnc(N2CCN(c3ncc(C(C)(C)O)c(C(F)(F)F)n3)[C@H](C)C2)c1C	SmoAnta	SmoAnta
CHEMBL3975414	CHEMBL3975414	IQNZLHWLRXZBGL-MRXNPFEDSA-N	Cc1c(Cc2ccccc2)nnc(N2CCN(c3ncc(C(C)(C)O)c(C(F)(F)F)n3)[C@H](C)C2)c1C	SmoAnta	SmoAnta
CHEMBL3944267	CHEMBL3944267	GQWJKCWJQXXCSQ-MRXNPFEDSA-N	Cc1c(Cc2ccccn2)nnc(N2CCN(c3cnc(C(C)(C)O)cn3)[C@H](C)C2)c1C	SmoAnta	SmoAnta
CHEMBL3903726	CHEMBL3903726	YVODGHXNTWUMSD-SFHVURJKSA-N	C[C@H]1CN(c2ccc(C(C)(C)O)cn2)CCN1c1nnc(Cc2ccccc2Cl)c2c1CCC2	SmoAnta	SmoAnta
CHEMBL3948829	CHEMBL3948829	VUNJHMOXPAHXNY-UHFFFAOYSA-N	Cc1c(Cc2ccc(F)cc2)nnc(N2CCN(c3ccc(C(C)(C)C)cc3)CC2)c1C	SmoAnta	SmoAnta
CHEMBL3975985	CHEMBL3975985	CXKMJCQNQLTNKU-GOSISDBHSA-N	C[C@@H]1CN(c2nnc(Cc3ccccc3)c3c2CCC3)CCN1c1cc(C(F)(F)F)c(C(C)(C)O)cn1	SmoAnta	SmoAnta
CHEMBL3923355	CHEMBL3923355	UEIRSPPXXZWUBD-UHFFFAOYSA-N	CCCCOC(=O)c1cnc(N2CCN(c3nnc(-c4cncc(OC)c4)c(C)c3C)CC2)cc1C(F)(F)F	SmoAnta	SmoAnta
CHEMBL3980924	CHEMBL3980924	JGWIJWWBLIEPTP-UHFFFAOYSA-N	Fc1ccc(Cc2nnc(N3CCN(c4ccc(C(F)(F)F)cn4)CC3)c3c2CCCC3)cc1	SmoAnta	SmoAnta
CHEMBL3894764	CHEMBL3894764	DARIRPKWVLTKQE-UHFFFAOYSA-N	Cc1c(Cc2ccccc2)nnc(N2CCN(C(=O)Oc3ccccc3)CC2)c1C	SmoAnta	SmoAnta
CHEMBL3979837	CHEMBL3979837	HAYUVEQIUAPPLD-UHFFFAOYSA-N	Cc1c(Cc2ccccc2)nnc(N2CCN(C(=O)NCc3ccccc3)CC2)c1C	SmoAnta	SmoAnta
CHEMBL3906492	CHEMBL3906492	PTRDTDXUYJZTNM-MRXNPFEDSA-N	Cc1c(Nc2ccccc2)nnc(N2CCN(c3cnc(C(C)(C)O)cn3)[C@H](C)C2)c1C	SmoAnta	SmoAnta
CHEMBL3970317	CHEMBL3970317	QCCXYBNJIZRUNY-CQSZACIVSA-N	COC(=O)c1cnc(N2CCN(c3nnc(-c4ccc(F)cc4)c(C)c3C)C[C@H]2C)cn1	SmoAnta	SmoAnta
CHEMBL3967114	CHEMBL3967114	IYBAQGPEVIIAGL-UHFFFAOYSA-N	Cc1c(-c2cccc(Cl)c2)nnc(N2CCN(c3ccc(C(F)(F)F)cn3)CC2)c1C	SmoAnta	SmoAnta
CHEMBL3978301	CHEMBL3978301	MZEGKLXVRBKRJG-GOSISDBHSA-N	CC(=O)N1CCN(C(=O)c2cnc(N3CCN(c4nnc(-c5ccc(C(F)(F)F)cc5)c(C)c4C)C[C@H]3C)cn2)CC1	SmoAnta	SmoAnta
CHEMBL3925179	CHEMBL3925179	NRLQWJRTTIZREY-MRXNPFEDSA-N	CC(=O)c1cnc(N2CCN(c3nnc(Cc4ccccc4)c(C)c3C)C[C@H]2C)cn1	SmoAnta	SmoAnta
CHEMBL3965479	CHEMBL3965479	BAFPWLDFTJYFFW-GOSISDBHSA-N	Cc1c(Cc2ccccc2)nnc(N2CCN(c3cnc(C(=O)N4CCNC(=O)C4)cn3)[C@H](C)C2)c1C	SmoAnta	SmoAnta
CHEMBL3950710	CHEMBL3950710	PEWJHEYRNWAYBP-UHFFFAOYSA-N	COC(=O)c1cnc(N2CCN(c3nnc(-c4ccc(OC)cc4)c(C)c3C)CC2)nc1C(F)(F)F	SmoAnta	SmoAnta
CHEMBL3942022	CHEMBL3942022	QTAZTPFWIUIJKI-QGZVFWFLSA-N	Cc1c(-c2ccc(C(F)(F)F)cc2)nnc(N2CCN(c3cnc(C(=O)N4CCOCC4)cn3)[C@H](C)C2)c1C	SmoAnta	SmoAnta
CHEMBL3952417	CHEMBL3952417	ULMWTWZNZCMXEA-OAHLLOKOSA-N	CC(=O)c1cnc(N2CCN(c3nnc(Cc4ccccc4)c(C)c3C)C[C@H]2C)nc1C(F)(F)F	SmoAnta	SmoAnta
CHEMBL3936743	CHEMBL3936743	QQXLSYYOFWNBRB-QGZVFWFLSA-N	C[C@@H]1CN(c2nnc(Cc3ccc(F)cc3)c3c2CCC3)CCN1c1cc(C(F)(F)F)c(C(C)(C)O)cn1	SmoAnta	SmoAnta
CHEMBL3957247	CHEMBL3957247	MLUWGOBEGDCIST-HXUWFJFHSA-N	Cc1c(Cc2ccccc2)nnc(N2CCN(c3cnc(C(=O)N4CCN(C)CC4)cn3)[C@H](C)C2)c1C	SmoAnta	SmoAnta
CHEMBL3899187	CHEMBL3899187	GYFPNEDYUMLPDL-UHFFFAOYSA-N	FC(F)(F)c1ccc(N2CCN(c3nnc(Cc4ccccc4)c4c3CCC4)CC2)nc1	SmoAnta	SmoAnta
CHEMBL3933708	CHEMBL3933708	WGNCREIMVSHCMO-UHFFFAOYSA-N	CCOC(=O)c1ccc(N2CCN(c3nnc(Cc4ccc(F)cc4)c4c3CCCC4)CC2)nc1	SmoAnta	SmoAnta
CHEMBL3930109	CHEMBL3930109	MRGOROJMQXXDLJ-QGZVFWFLSA-N	Cc1c(N2CCN(c3cnc(C(C)(C)O)cn3)[C@H](C)C2)nnc(Cc2ccccc2)c1CO	SmoAnta	SmoAnta
CHEMBL3953389	CHEMBL3953389	OINZBZIQNKTIFH-UHFFFAOYSA-N	COC(=O)c1cnc(N2CCN(c3nnc(-c4cccc(Cl)c4)c(C)c3C)CC2)nc1C(F)(F)F	SmoAnta	SmoAnta
CHEMBL3969486	CHEMBL3969486	IEHAZPTWUKALSD-MRXNPFEDSA-N	Cc1c(Oc2ccccc2)nnc(N2CCN(c3cnc(C(C)(C)O)cn3)[C@H](C)C2)c1C	SmoAnta	SmoAnta
CHEMBL3930063	CHEMBL3930063	DQAWVMXJLTWRDV-UHFFFAOYSA-N	Cc1c(-c2ccncc2)nnc(N2CCN(c3ccc(C(F)(F)F)cn3)CC2)c1C	SmoAnta	SmoAnta
CHEMBL3961874	CHEMBL3961874	LWEQTPJMPFLHLQ-UHFFFAOYSA-N	Cc1c(Cc2ccccc2)nnc(N2CCC(F)(c3ccc(C(C)(C)O)cc3)CC2)c1C	SmoAnta	SmoAnta
CHEMBL3910022	CHEMBL3910022	XMTFYICRNSUTQD-UHFFFAOYSA-N	Fc1ccc(Cc2nnc(N3CCN(c4ccc(C(F)(F)F)cn4)CC3)c3c2CCC3)c(F)c1	SmoAnta	SmoAnta
CHEMBL3956883	CHEMBL3956883	LOCCROWNKPBTNX-OAHLLOKOSA-N	Cc1c(-c2ccc(F)cc2)nnc(N2CCN(c3cnc(C(C)(C)O)cn3)[C@H](C)C2)c1C	SmoAnta	SmoAnta
CHEMBL3927593	CHEMBL3927593	IMPZXJSTVMKDHQ-GOSISDBHSA-N	Cc1c(-c2ccc(C(F)(F)F)cc2)nnc(N2CCN(c3cnc(C(=O)N4CCN(S(C)(=O)=O)CC4)cn3)[C@H](C)C2)c1C	SmoAnta	SmoAnta
CHEMBL3965473	CHEMBL3965473	JBSRSQSDFFDIHM-UHFFFAOYSA-N	Fc1cccc(Cc2nnc(N3CCN(c4ccc(C(F)(F)F)cn4)CC3)c3c2CCC3)c1	SmoAnta	SmoAnta
CHEMBL3982279	CHEMBL3982279	GSBNFFLEHAKJCS-UHFFFAOYSA-N	Cc1c(Cc2ccccc2)nnc(N2CCN(C(=O)Nc3ccccc3)CC2)c1C	SmoAnta	SmoAnta
CHEMBL3937323	CHEMBL3937323	KNIRQAJTBSVZFK-LJQANCHMSA-N	Cc1c(Cc2ccccc2)nnc(N2CCN(c3cnc(C(=O)NCC(C)C)cn3)[C@H](C)C2)c1C	SmoAnta	SmoAnta
CHEMBL3948598	CHEMBL3948598	WYRZRSYFBUYKDY-UHFFFAOYSA-N	Cc1c(Cc2ccccc2)nnc(N2CCN(c3ccc(C(F)(F)F)cn3)CC2)c1C	SmoAnta	SmoAnta
CHEMBL3965793	CHEMBL3965793	ZPTZVVANNRCNBO-OAHLLOKOSA-N	COC(=O)c1cnc(N2CCN(c3nnc(Cc4ccncc4)c(C)c3C)C[C@H]2C)cn1	SmoAnta	SmoAnta
CHEMBL3959946	CHEMBL3959946	WGIYTWPOLQQZOV-UHFFFAOYSA-N	CC(C)(O)c1cnc(N2CCN(c3nnc(Cc4ccccc4)c4c3CCC4)CC2)cn1	SmoAnta	SmoAnta
CHEMBL3986550	CHEMBL3986550	WFCIUZNEBQUHJS-LJQANCHMSA-N	Cc1c(Cc2ccccc2)nnc(N2CCN(c3cnc(C(=O)N4CCOCC4)cn3)[C@H](C)C2)c1C	SmoAnta	SmoAnta
CHEMBL3912449	CHEMBL3912449	POERAARDVFVDLO-KRWDZBQOSA-N	Cc1c(Cc2ccccc2)nnc(N2CCN(c3cnc(C(C)(C)O)cn3)[C@@H](C)C2)c1C	SmoAnta	SmoAnta
CHEMBL3957159	CHEMBL3957159	XYVCBWSSEGEIJY-MRXNPFEDSA-N	CCCCOC(=O)c1cnc(N2CCN(c3nnc(-c4ccc(F)nc4)c(C)c3C)C[C@H]2C)cc1C(F)(F)F	SmoAnta	SmoAnta
CHEMBL3983242	CHEMBL3983242	GSZLFWSMCGVDPB-MRXNPFEDSA-N	COC(=O)c1ncc(N2CCN(c3nnc(Cc4ccccc4)c4c3CCC4)C[C@H]2C)nc1C(F)(F)F	SmoAnta	SmoAnta
CHEMBL3948278	CHEMBL3948278	XKUCLFDPGRHIBC-UHFFFAOYSA-N	Cc1c(Cc2ccc(F)cc2)nnc(N2CCN(c3ccc(C(C)(C)O)cn3)CC2)c1C	SmoAnta	SmoAnta
CHEMBL3899393	CHEMBL3899393	IORTZMGXERGRAP-LJQANCHMSA-N	CCC(O)(CC)c1cnc(N2CCN(c3nnc(Cc4ccccc4)c(C)c3C)C[C@H]2C)cn1	SmoAnta	SmoAnta
CHEMBL3959587	CHEMBL3959587	CFHZZFYFOKMZNF-OAHLLOKOSA-N	Cc1c(-c2ccc(C(F)(F)F)cc2)nnc(N2CCN(c3cnc(C(C)(C)O)cn3)[C@H](C)C2)c1C	SmoAnta	SmoAnta
CHEMBL3972256	CHEMBL3972256	QRUXAUDVXVLKOY-OAQYLSRUSA-N	Cc1c(-c2ccc(C(F)(F)F)cc2)nnc(N2CCN(c3cnc(C(=O)N(c4ccccc4)C(C)C)cn3)[C@H](C)C2)c1C	SmoAnta	SmoAnta
CHEMBL3889599	CHEMBL3889599	RKSSVIBNUIGCSP-OAQYLSRUSA-N	Cc1c(-c2ccc(C(F)(F)F)cc2)nnc(N2CCN(c3cnc(C(=O)N(C)CCc4ccccc4)cn3)[C@H](C)C2)c1C	SmoAnta	SmoAnta
CHEMBL3976089	CHEMBL3976089	OOFSTNSZEOLZGF-MRXNPFEDSA-N	Cc1c(Cc2ccncc2)nnc(N2CCN(c3cnc(C(C)(C)O)cn3)[C@H](C)C2)c1C	SmoAnta	SmoAnta
CHEMBL3902667	CHEMBL3902667	INLSIUHDZZBVKT-OAQYLSRUSA-N	CC[C@@H]1CN(c2nnc(Cc3ccccc3)c(C)c2C)CCN1c1cnc(C(C)(C)O)cn1	SmoAnta	SmoAnta
CHEMBL3927397	CHEMBL3927397	MAPIDHQVJDJWLV-QGZVFWFLSA-N	Cc1c(Cc2ccccc2)nnc(N2CCN(c3cnc(C(C)(C)O)cn3)[C@H](C)C2)c1CO	SmoAnta	SmoAnta
CHEMBL3896685	CHEMBL3896685	JBHHFBPZTGSYLE-GOSISDBHSA-N	COC(CO)(OC)c1cnc(N2CCN(c3nnc(Cc4ccccc4)c(C)c3C)C[C@H]2C)cn1	SmoAnta	SmoAnta
CHEMBL3971766	CHEMBL3971766	JDHHLKZLNWGAAV-MRXNPFEDSA-N	COC(=O)c1cnc(N2CCN(c3nnc(Cc4ccccc4)c(C)c3C)C[C@H]2C)cn1	SmoAnta	SmoAnta
CHEMBL3920191	CHEMBL3920191	AUJCBNXMODHUDL-QGZVFWFLSA-N	COC(=O)c1cnc(N2CCN(c3nnc(Cc4ccccc4)c4c3CCC4)C[C@H]2C)cn1	SmoAnta	SmoAnta
CHEMBL3942299	CHEMBL3942299	QTPBWEZKZBJJQL-UHFFFAOYSA-N	Cc1c(Cc2ccc(F)cc2)nnc(N2CCN(c3ccc(C(F)(F)F)cn3)CC2)c1C	SmoAnta	SmoAnta
CHEMBL3905821	CHEMBL3905821	RQVJRDTWXMZXIE-QGZVFWFLSA-N	CCCCOC(=O)c1cnc(N2CCN(c3nnc(-c4ccncc4)c(C)c3C)C[C@H]2C)cc1C(F)(F)F	SmoAnta	SmoAnta
CHEMBL3893223	CHEMBL3893223	JSKSYTQPNABUFN-MRXNPFEDSA-N	Cc1c(Cc2cccnc2)nnc(N2CCN(c3cnc(C(C)(C)O)cn3)[C@H](C)C2)c1C	SmoAnta	SmoAnta
CHEMBL3986696	CHEMBL3986696	UJHSHAOTDYEXHM-UHFFFAOYSA-N	CC(C)(O)c1ccc(N2CCN(c3nnc(Cc4ccc(F)cc4)c4c3CCCC4)CC2)nc1	SmoAnta	SmoAnta
CHEMBL3939157	CHEMBL3939157	QUXPQHIINGITCR-HXUWFJFHSA-N	Cc1c(Cc2ccccc2)nnc(N2CCN(c3cnc(C(=O)N4CCCCC4)cn3)[C@H](C)C2)c1C	SmoAnta	SmoAnta
CHEMBL3912445	CHEMBL3912445	ZNSLGFBUWOIORG-QGZVFWFLSA-N	Cc1c(Cc2ccccc2)nnc(N2CCN(c3cnc(C(=O)NC4CC4)cn3)[C@H](C)C2)c1C	SmoAnta	SmoAnta
CHEMBL3909290	CHEMBL3909290	VNMXAXGZVUSUHV-LJQANCHMSA-N	Cc1c(Nc2ccccc2)nnc(N2CCN(c3cnc(C(=O)Nc4ccccc4)cn3)[C@H](C)C2)c1C	SmoAnta	SmoAnta
CHEMBL3903694	CHEMBL3903694	LWUAPVQWCGLGMN-OAHLLOKOSA-N	COC(=O)c1cnc(N2CCN(c3nnc(C(=O)c4ccccc4)c(C)c3C)C[C@H]2C)cn1	SmoAnta	SmoAnta
CHEMBL3891390	CHEMBL3891390	PLQZPWBHSFFXHV-GOSISDBHSA-N	Cc1c(Cc2ccccc2)nnc(N2CCN(c3cnc(C(=O)NCCCO)cn3)[C@H](C)C2)c1C	SmoAnta	SmoAnta
CHEMBL3940076	CHEMBL3940076	QGTBJZXGCBNJKL-UHFFFAOYSA-N	COc1ccc(-c2nnc(N3CCN(c4ccc(C(F)(F)F)cn4)CC3)c(C)c2C)cc1	SmoAnta	SmoAnta
CHEMBL3949191	CHEMBL3949191	RHHXWXBWHIWPQV-UHFFFAOYSA-N	Cc1c(Cc2ccccc2)nnc(N2CCC(O)(c3ccc(C(C)(C)O)cn3)CC2)c1C	SmoAnta	SmoAnta
CHEMBL3946402	CHEMBL3946402	VHQIYRKDXQNIPA-QGZVFWFLSA-N	Cc1c(Cc2ccccc2)nnc(N2CCN(c3ccc(S(=O)(=O)C(F)(F)F)cc3)[C@H](C)C2)c1C	SmoAnta	SmoAnta
CHEMBL3133037	CHEMBL3133037	POERAARDVFVDLO-QGZVFWFLSA-N	Cc1c(Cc2ccccc2)nnc(N2CCN(c3cnc(C(C)(C)O)cn3)[C@H](C)C2)c1C	SmoAnta	SmoAnta
CHEMBL3910786	CHEMBL3910786	UCHJCEPECRGKJG-MRXNPFEDSA-N	C[C@@H]1CN(c2nnc(Cc3ccc(F)cc3)c3c2CCC3)CCN1c1ncc(C(C)(C)O)c(C(F)(F)F)n1	SmoAnta	SmoAnta
CHEMBL3931348	CHEMBL3931348	FIQWINPJOGLKAT-VTBWFHPJSA-N	Cc1c(Cc2ccccc2)nnc(N2CCN(c3cnc(C(C)O)cn3)[C@H](C)C2)c1C	SmoAnta	SmoAnta
CHEMBL3889851	CHEMBL3889851	RWQHGOQLSUVKOE-UHFFFAOYSA-N	Cc1c(Cc2ccccc2)nnc(N2CCC(c3nc(C(F)(F)F)c[nH]3)CC2)c1C	SmoAnta	SmoAnta
CHEMBL3922446	CHEMBL3922446	YZLNTKQPNGTLIH-OAQYLSRUSA-N	CC[C@@H]1CN(c2nnc(Cc3ccccc3)c(C)c2C)CCN1c1cnc(C(C)=O)cn1	SmoAnta	SmoAnta
CHEMBL3934557	CHEMBL3934557	STWKGGVUPRMIIS-GOSISDBHSA-N	Cc1c(Cc2ccccc2)nnc(N2CCN(c3cnc(C(=O)N(C)CCO)cn3)[C@H](C)C2)c1C	SmoAnta	SmoAnta
CHEMBL3958192	CHEMBL3958192	FMRQQVSLNRYWDK-GOSISDBHSA-N	C=C(C)c1cnc(N2CCN(c3nnc(Cc4ccccc4)c(C)c3C)C[C@H]2C)cn1	SmoAnta	SmoAnta
CHEMBL3919707	CHEMBL3919707	KIPURWKVNMWUGR-NJYVYQBISA-N	Cc1c(Cc2ccccc2)nnc(N2CCN(c3cnc(C(=O)N4C[C@H](C)O[C@H](C)C4)cn3)[C@H](C)C2)c1C	SmoAnta	SmoAnta
CHEMBL3953149	CHEMBL3953149	BHESAMQTYCUTJD-MRXNPFEDSA-N	Cc1c(C(=O)c2ccccc2)nnc(N2CCN(c3cnc(C(C)(C)O)cn3)[C@H](C)C2)c1C	SmoAnta	SmoAnta
CHEMBL3942727	CHEMBL3942727	QSMJLOCNGPQFRI-UHFFFAOYSA-N	Cc1c(-c2ccc(F)cc2)nnc(N2CCN(c3ccc(C(F)(F)F)cn3)CC2)c1C	SmoAnta	SmoAnta
CHEMBL3919524	CHEMBL3919524	BPBSSGDAWAXKLS-MRXNPFEDSA-N	CC(=O)c1cnc(N2CCN(c3nnc(Cc4ccc(F)cc4)c4c3CCC4)C[C@H]2C)cc1C(F)(F)F	SmoAnta	SmoAnta
CHEMBL3973520	CHEMBL3973520	NWTSPHWRMSQVRL-QGZVFWFLSA-N	CC(=O)c1cnc(N2CCN(c3nnc(Cc4ccccc4)c4c3CCC4)C[C@H]2C)cc1C(F)(F)F	SmoAnta	SmoAnta
CHEMBL3922623	CHEMBL3922623	IIKAHVDOSHVIAM-GOSISDBHSA-N	Cc1c(Cc2ccccc2)nnc(N2CCN(c3cnc(C(=O)NC(C)(C)CO)cn3)[C@H](C)C2)c1C	SmoAnta	SmoAnta
CHEMBL3958040	CHEMBL3958040	UOHAWIZHKFUVPM-UHFFFAOYSA-N	Cc1c(Cc2ccccc2)nnc(C2CCN(c3ccc(C(F)(F)F)cn3)CC2)c1C	SmoAnta	SmoAnta
CHEMBL3973612	CHEMBL3973612	NFZHMLDFDHMYJE-UHFFFAOYSA-N	FC(F)(F)c1ccc(N2CCN(c3nnc(Cc4ccccc4Cl)c4c3CCC4)CC2)nc1	SmoAnta	SmoAnta
CHEMBL3971495	CHEMBL3971495	KUGYAAOIRJCBOT-UHFFFAOYSA-N	Cc1c(Cc2ccccc2)nnc(N2CCN(c3cnc(C(C)(C)O)cn3)CC2)c1C	SmoAnta	SmoAnta
CHEMBL3604621	CHEMBL3604621	RUGCYCMPTFYHPF-UHFFFAOYSA-N	CC(=O)Nc1nc2ccc(-c3cnc(Cl)c(NC(C#N)c4ccccc4)c3)cc2s1	SmoAnta	SmoAnta
CHEMBL3950687	CHEMBL3950687	GHFWGFLLCDKFBE-MRXNPFEDSA-N	Cc1c(Cc2ccccc2)nnc(N2CCN(c3cnc(C(=O)NCC(F)(F)F)cn3)[C@H](C)C2)c1C	SmoAnta	SmoAnta
CHEMBL3929514	CHEMBL3929514	KIXNSOUENSBRIS-OAQYLSRUSA-N	Cc1c(Cc2ccccc2)nnc(N2CCN(c3cnc(C(=O)N4CCC(CCO)CC4)cn3)[C@H](C)C2)c1C	SmoAnta	SmoAnta
CHEMBL3895940	CHEMBL3895940	FWTCYLIISSHRAD-OAHLLOKOSA-N	COC(=O)c1cnc(N2CCN(c3nnc(Cc4ccccn4)c(C)c3C)C[C@H]2C)cn1	SmoAnta	SmoAnta
CHEMBL3929057	CHEMBL3929057	NWKKZHOMVYZWAW-QGZVFWFLSA-N	C[C@@H]1CN(c2nnc(Cc3ccccc3)c3c2CCC3)CCN1c1ncc(C(C)(C)O)c(C(F)(F)F)n1	SmoAnta	SmoAnta
CHEMBL3921763	CHEMBL3921763	BIAMMLFBGSGNNO-MRXNPFEDSA-N	CCOC(=O)c1cnc(N2CCN(c3nnc(Cc4ccccc4)c(C)c3C)C[C@H]2C)nc1C(F)(F)F	SmoAnta	SmoAnta
CHEMBL3905798	CHEMBL3905798	UBNIZTBXTXRRTF-OAQYLSRUSA-N	Cc1c(Cc2ccccc2)nnc(N2CCN(c3cnc(C(=O)NCCN4CCCC4)cn3)[C@H](C)C2)c1C	SmoAnta	SmoAnta
CHEMBL3983876	CHEMBL3983876	JOXUUCKOWAAZLA-CQSZACIVSA-N	COC(=O)c1cnc(N2CCN(c3nnc(Cc4ccc(F)cc4)c(C)c3C)C[C@H]2C)nc1C(F)(F)F	SmoAnta	SmoAnta
CHEMBL3962661	CHEMBL3962661	UYIXVHMWXHJLMV-JGHKVMFLSA-N	COC(=O)c1cnc(N2CCN(c3nnc(C(O)c4ccccc4)c(C)c3C)C[C@H]2C)cn1	SmoAnta	SmoAnta
CHEMBL3915100	CHEMBL3915100	UUDQOJNCBUZMKM-NNAHLOSHSA-N	Cc1c(Cc2ccccc2)nnc(N2CCN(c3cnc(C(=O)NC4CCC(O)CC4)cn3)[C@H](C)C2)c1C	SmoAnta	SmoAnta
CHEMBL3962643	CHEMBL3962643	POLHUFLXBOGSEB-GOSISDBHSA-N	C[C@@H]1CN(c2nnc(Cc3ccccc3)c3c2CCC3)CCN1c1cnc(C(C)(C)O)cn1	SmoAnta	SmoAnta
CHEMBL3915663	CHEMBL3915663	ZJHDMRCLHFUTQT-UHFFFAOYSA-N	COC(=O)c1cnc(N2CCN(c3nnc(-c4ccc(F)c(Cl)c4)c(C)c3C)CC2)cc1C(F)(F)F	SmoAnta	SmoAnta
CHEMBL3967151	CHEMBL3967151	UMMPRFMUGCIHSG-UHFFFAOYSA-N	Cc1nnc(Cc2nnc(N3CCN(c4ccc(C(F)(F)F)cn4)CC3)c(C)c2C)o1	SmoAnta	SmoAnta
CHEMBL3986486	CHEMBL3986486	FHRXCLYBSQUUCJ-OAQYLSRUSA-N	Cc1c(Cc2ccccc2)nnc(N2CCN(c3cnc(C(=O)NCCN4CCOCC4)cn3)[C@H](C)C2)c1C	SmoAnta	SmoAnta
CHEMBL3967092	CHEMBL3967092	YEIAKAGSDSWUJJ-OAQYLSRUSA-N	Cc1c(Cc2ccccc2)nnc(N2CCN(c3cnc(C(=O)NCCc4ccccn4)cn3)[C@H](C)C2)c1C	SmoAnta	SmoAnta
CHEMBL3955058	CHEMBL3955058	UBUCQTGUKHYKMY-CQSZACIVSA-N	CC(=O)c1cnc(N2CCN(c3nnc(Cc4ccc(F)cc4)c(C)c3C)C[C@H]2C)nc1C(F)(F)F	SmoAnta	SmoAnta
CHEMBL3891481	CHEMBL3891481	HOVPROJGSNLOLU-OQHSHRKDSA-N	Cc1c(Cc2ccccc2)nnc(N2CCN(c3cnc(C(=O)NCC(O)CO)cn3)[C@H](C)C2)c1C	SmoAnta	SmoAnta
CHEMBL3911804	CHEMBL3911804	WNZFNQMJGGDSLY-UHFFFAOYSA-N	Cc1c(Cc2ccccc2)nnc(C2CCN(c3cnc(C(C)(C)O)cn3)CC2)c1C	SmoAnta	SmoAnta
CHEMBL561735	CHEMBL561735	UPMCSVWRMKPGAO-UHFFFAOYSA-N	CCCC(CCC)C(=O)NCc1ccc2c(cnn2-c2cccc(OC)c2)c1	SmoAnta	SmoAnta
CHEMBL2031245	CHEMBL2031245	XMXDYIDWOOQSFY-UHFFFAOYSA-N	COc1cc(C(=O)NC(=S)Nc2cccc(NC(=O)c3ccc(-c4ccc(F)cc4)cc3)c2)cc(OC)c1OC	SmoAnta	SmoAnta
CHEMBL2043429	CHEMBL2043429	ZEZBTZJDUZIGPQ-CRAIPNDOSA-N	CN1CC[C@@H](NC(=O)Nc2ccccc2)C[C@@H]1c1nc2ccccc2[nH]1	SmoAnta	SmoAnta
CHEMBL2031273	CHEMBL2031273	QYEHHIQOIAJQAY-UHFFFAOYSA-N	COc1cc(C(=O)NC(=O)Nc2cccc(NC(=O)c3ccccc3)c2)cc(OC)c1OC	SmoAnta	SmoAnta
CHEMBL1580265	CHEMBL1580265	OKYUJZQDBSZTCU-UHFFFAOYSA-N	O=C(Nc1ccc(-c2csc(-c3ccccc3)n2)cc1)c1ccccc1Cl	SmoAnta	SmoAnta
CHEMBL4440172	CHEMBL4440172	IOWOXOWWWSDVKI-UFHPHHKVSA-N	C[C@@]1(c2ccc(Cl)cc2Cl)OC[C@@H](COc2ccc(N3CCN(c4ccc(NC(=O)NN)cc4)CC3)cc2)O1	SmoAnta	SmoAnta
CHEMBL474281	CHEMBL474281	VFQLHOJNCNGPIK-UHFFFAOYSA-N	Cc1cccc(C(=O)Nc2ccc3c(c2)CC(NCc2ccccn2)C3)c1-c1ccc(C(F)(F)F)cc1	SmoAnta	SmoAnta
CHEMBL1082713	CHEMBL1082713	PBMRTARCURRUQT-SFHVURJKSA-N	C[C@H]1CN(c2nnc(-c3ccccn3)c3ccccc23)CCN1C(=O)c1ccccc1	SmoAnta	SmoAnta
CHEMBL2031291	CHEMBL2031291	BQVVGHXOJLAFDL-UHFFFAOYSA-N	COc1cc(C(=O)NC(=N)Nc2ccc(C)c(NC(=O)c3cccc(-c4ccccc4)c3)c2)cc(OC)c1OC	SmoAnta	SmoAnta
CHEMBL1615189	CHEMBL1615189	YGBMCLDVRUGXOV-UHFFFAOYSA-N	CC(=O)Nc1nc2ccc(-c3cnc(Cl)c(NS(=O)(=O)c4ccc(F)cc4)c3)cc2s1	SmoAnta	SmoAnta
CHEMBL474508	CHEMBL474508	CVZLQNNEWOTLBK-DEOSSOPVSA-N	Cc1cccc(C(=O)Nc2ccc3c(c2)C[C@@H](NCc2scnc2C)C3)c1-c1ccc(C(F)(F)F)cc1	SmoAnta	SmoAnta
CHEMBL551065	CHEMBL551065	HVOPXEDYTXZCJZ-UHFFFAOYSA-N	CCCC(CCC)C(=O)NCc1ccc2c(cnn2-c2cccc(C)c2C)c1	SmoAnta	SmoAnta
CHEMBL4644288	CHEMBL4644288	DGYPDRAGFZNVOC-UHFFFAOYSA-N	CN(C(=O)c1ccc(F)cc1C(F)(F)F)C1CCN(C(=O)c2ccccc2Nc2ccnn2C)CC1	SmoAnta	SmoAnta
CHEMBL561069	CHEMBL561069	LLMIBFIKVLEZID-UHFFFAOYSA-N	CCCC(CCC)C(=O)NCc1ccc2c(cnn2-c2ccc(F)cc2)c1	SmoAnta	SmoAnta
CHEMBL550190	CHEMBL550190	IGUNWZMHTGDLML-UHFFFAOYSA-N	CCCC(CCC)C(=O)NCc1ccc2c(cnn2-c2ccc(OC)nc2)c1	SmoAnta	SmoAnta
CHEMBL2031267	CHEMBL2031267	UXIZREWXRPGLRQ-UHFFFAOYSA-N	COc1cc(C(=O)NC(=S)Nc2ccc(Cl)c(NC(=O)c3ccc(-c4ccccc4)cc3)c2)cc(OC)c1OC	SmoAnta	SmoAnta
CHEMBL3819191	CHEMBL3819191	FMPVKBVJYLSHDT-UHFFFAOYSA-N	CN1CCN(C(=O)c2cc3c(s2)CCN(c2ccc(Cl)c(-c4nc5ccccc5n4C)c2)C3)CC1	SmoAnta	SmoAnta
CHEMBL4588930	CHEMBL4588930	VFUWNEXBWKSDNZ-UHFFFAOYSA-N	Cc1ccc(NCc2ccnn2-c2nnc(N3CCC(C(=O)Nc4ccccc4C)CC3)s2)nc1	SmoAnta	SmoAnta
CHEMBL4562342	CHEMBL4562342	YHGHBAXLVHCABI-VAVYLYDRSA-N	C[C@@]1(c2ccc(Cl)cc2Cl)OC[C@@H](COc2ccc(N3CCN(c4ccc(-n5cn[nH]c5=O)cc4)CC3)cc2)O1	SmoAnta	SmoAnta
CHEMBL480889	CHEMBL480889	WPHXYKUPFJRJDK-AHWVRZQESA-N	COc1cccc(CN(C(=O)CC(C)(C)C)[C@H]2C[C@@H](C(=O)N3CCNCC3)N(Cc3ccc4c(c3)OCO4)C2)c1	SmoAnta	SmoAnta
CHEMBL3604624	CHEMBL3604624	WTIQLXISMIJHAK-UHFFFAOYSA-N	O=C(Nc1cc(-c2ccc3nc(NCC4CC4)sc3c2)cnc1Cl)c1ccccc1	SmoAnta	SmoAnta
CHEMBL3604623	CHEMBL3604623	IACDQKWPLBPDSV-UHFFFAOYSA-N	O=C(Nc1cc(-c2ccc3nc(NC4CC4)sc3c2)cnc1Cl)c1cccc(Cl)c1	SmoAnta	SmoAnta
CHEMBL557114	CHEMBL557114	WLVDBLWXNWQIPT-UHFFFAOYSA-N	CCCC(CCC)C(=O)NCc1ccc2c(cnn2-c2cccc3c2CCCC3)c1	SmoAnta	SmoAnta
CHEMBL495620	CHEMBL495620	QGEYSRVCRYCOOT-UHFFFAOYSA-N	N#Cc1ccc(N2CCCN(c3nnc(Cc4ccccc4)c4ccccc34)CC2)nc1	SmoAnta	SmoAnta
CHEMBL3986017	CHEMBL3986017	QIPSSQCEYCIPGI-REHUZNOOSA-N	C[C@@H]1CC[C@@H]([C@@H](C)C(=O)Nc2ccc(Cl)c(-c3ccccn3)c2)c2nc(CN3CCOCC3)ccc21	SmoAnta	SmoAnta
CHEMBL2160075	CHEMBL2160075	USCUNZFONNHOGC-UHFFFAOYSA-N	Clc1ccc(Nc2nccc3ccccc23)cc1-c1ncc(-c2ccccc2)[nH]1	SmoAnta	SmoAnta
CHEMBL4572598	CHEMBL4572598	BHQZXBHEQADRKL-HKFHRXRESA-N	C[C@]1(c2ccc(Cl)cc2Cl)OC[C@@H](COc2ccc(N3CCN(c4ccc(NC(=O)c5cccc(O)c5)cc4)CC3)cc2)O1	SmoAnta	SmoAnta
CHEMBL2031295	CHEMBL2031295	BZLYWEGZFZTCMX-UHFFFAOYSA-N	COc1cc(C(=O)NC(=N)Nc2ccc(Cl)c(C(=O)Nc3ccccc3)c2)cc(OC)c1OC	SmoAnta	SmoAnta
CHEMBL3604616	CHEMBL3604616	DRJZUAZDYUBLQP-UHFFFAOYSA-N	CC(=O)Nc1nc2ccc(-c3cnc(Cl)c(NC(=O)c4ccc(F)cc4)c3)cc2s1	SmoAnta	SmoAnta
CHEMBL3951963	CHEMBL3951963	YMVFMEJSPJLVTH-VGBVCGLRSA-N	C[C@@H]1CC[C@H]2[C@@](C)(C(=O)Nc3ccc(Cl)c(-c4ccccn4)c3)OC3O[C@@]4(C)CC[C@@H]1[C@]32OO4	SmoAnta	SmoAnta
CHEMBL4473275	CHEMBL4473275	IUXMLJCZQUGCQV-UHFFFAOYSA-N	Cc1cnc(NCc2ccnn2-c2nnc(N3CCC(C(=O)NC4CCCCC4C)CC3)s2)nc1	SmoAnta	SmoAnta
CHEMBL1813101	CHEMBL1813101	CEQYKGMKRAILAB-JLSDUUJJSA-N	O=C(Nc1c(Cl)cc(F)cc1Cl)N1CCN2C(=O)N([C@H]3C[C@@H]3c3ccccc3)C(=O)[C@@H]2C1	SmoAnta	SmoAnta
CHEMBL3933195	CHEMBL3933195	LTFFQOQZXKPQLO-WSGLMESZSA-N	C[C@@H]1CC[C@H]2[C@@H](C)[C@@H](CC(=O)Nc3ccc(Cl)c(-c4ccccn4)c3)O[C@@H]3O[C@@]4(C)CC[C@@H]1[C@@]23O4	SmoAnta	SmoAnta
CHEMBL4472335	CHEMBL4472335	AOCSOWXEGDBAIH-CPBHLAHYSA-N	C[C@]1(c2ccc(Cl)cc2Cl)OC[C@@H](COc2ccc(N3CCN(c4ccc(NC(=O)c5cccnc5)cc4)CC3)cc2)O1	SmoAnta	SmoAnta
CHEMBL473897	CHEMBL473897	CMBJQLGVMBRAFD-SANMLTNESA-N	Cc1cccc(C(=O)Nc2ccc3c(c2)C[C@@H](NCc2ccncc2)C3)c1-c1ccc(C(F)(F)F)cc1	SmoAnta	SmoAnta
CHEMBL4447164	CHEMBL4447164	BHQZXBHEQADRKL-KAODMTDESA-N	C[C@@]1(c2ccc(Cl)cc2Cl)OC[C@@H](COc2ccc(N3CCN(c4ccc(NC(=O)c5cccc(O)c5)cc4)CC3)cc2)O1	SmoAnta	SmoAnta
CHEMBL3604625	CHEMBL3604625	VSYXKTJYHCGIGG-UHFFFAOYSA-N	O=C(Nc1cc(-c2ccc3nc(NCC4CC4)sc3c2)cnc1Cl)c1cccc(Cl)c1	SmoAnta	SmoAnta
CHEMBL2031294	CHEMBL2031294	XYSGHHYBBZATSZ-UHFFFAOYSA-N	COc1cc(C(=O)NC(=N)Nc2ccc(C)c(C(=O)Nc3ccccc3)c2)cc(OC)c1OC	SmoAnta	SmoAnta
CHEMBL2043439	CHEMBL2043439	QTYYJMBZPFCFLM-CXAGYDPISA-N	CN1CC[C@@H](NC(=O)Nc2cccnc2)C[C@@H]1c1nc2ccccc2[nH]1	SmoAnta	SmoAnta
CHEMBL3819380	CHEMBL3819380	XEAJQRWZHAWYBL-UHFFFAOYSA-N	Cn1c(-c2cc(N3CCc4sc(C(=O)N5CCC(O)CC5)cc4C3)ccc2Cl)nc2ccccc21	SmoAnta	SmoAnta
CHEMBL564222	CHEMBL564222	DQTXURLZUXWASR-UHFFFAOYSA-N	CCCC(CCC)C(=O)NCc1ccc2c(cnn2-c2ccccc2)c1	SmoAnta	SmoAnta
CHEMBL561330	CHEMBL561330	UOCGOPWZUQBYRN-UHFFFAOYSA-N	CCCC(CCC)C(=O)NCc1ccc2c(cnn2-c2ccccc2C)c1	SmoAnta	SmoAnta
CHEMBL3262645	CHEMBL3262645	BPHYGHBTVBYLRD-UHFFFAOYSA-N	Cc1cnc(-c2cc(N3CCn4cc(C(=O)Nc5cccnc5)nc4C3)ncc2Cl)c(C)c1	SmoAnta	SmoAnta
CHEMBL3604622	CHEMBL3604622	MABJHKMPCZXFBN-UHFFFAOYSA-N	O=C(Nc1cc(-c2ccc3nc(NC4CC4)sc3c2)cnc1Cl)c1ccccc1	SmoAnta	SmoAnta
CHEMBL4473575	CHEMBL4473575	YHGHBAXLVHCABI-IRPSRAIASA-N	C[C@]1(c2ccc(Cl)cc2Cl)OC[C@@H](COc2ccc(N3CCN(c4ccc(-n5cn[nH]c5=O)cc4)CC3)cc2)O1	SmoAnta	SmoAnta
CHEMBL3967752	CHEMBL3967752	PLRSSFZFXGFEFV-MDYRTPRTSA-N	Cc1ccc2c(n1)[C@H]([C@@H](C)C(=O)Nc1ccc(Cl)c(-c3ccccn3)c1)CC[C@H]2C	SmoAnta	SmoAnta
CHEMBL1082386	CHEMBL1082386	AMQWUBPMEUNWCK-UHFFFAOYSA-N	N#Cc1cccc(-c2nnc(N3CCN(C(=O)c4ccccc4)CC3)c3ccccc23)c1	SmoAnta	SmoAnta
CHEMBL3817897	CHEMBL3817897	FYRPXOUPLPSIOT-UHFFFAOYSA-N	Cn1c(-c2cc(N3CCc4sc(C(=O)N5CCN(c6ccc(Cl)c(Cl)c6)CC5)cc4C3)ccc2Cl)nc2ccccc21	SmoAnta	SmoAnta
CHEMBL1084241	CHEMBL1084241	FURZQUUFGCPYIO-SFHVURJKSA-N	C[C@H]1CN(c2nnc(-c3cccnc3)c3ccccc23)CCN1C(=O)c1ccccc1	SmoAnta	SmoAnta
CHEMBL3819639	CHEMBL3819639	VYZGTTPOSXHSKJ-UHFFFAOYSA-N	Cn1c(-c2cc(N3CCc4sc(C(=O)N5CCN(S(C)(=O)=O)CC5)cc4C3)ccc2Cl)nc2ccccc21	SmoAnta	SmoAnta
CHEMBL3968327	CHEMBL3968327	ZUOAPSOEDVMEJO-MUKKUYKPSA-N	Cc1ccc2c(n1)[C@H]([C@@H](C)C(=O)Nc1ccc(Cl)c(-c3nc(C4CC4)no3)c1)CC[C@H]2C	SmoAnta	SmoAnta
CHEMBL4525451	CHEMBL4525451	CKJUFGPGZORPDY-UHFFFAOYSA-N	Cc1ccc(NCc2ccnn2-c2nnc(N3CCC(C(=O)Nc4ccncc4C)CC3)s2)nc1	SmoAnta	SmoAnta
CHEMBL2031284	CHEMBL2031284	IXZQFNFNUONWJC-UHFFFAOYSA-N	COc1cc(C(=O)NC(=N)Nc2cccc(NC(=O)c3ccc(N4CCOCC4)cc3)c2)cc(OC)c1OC	SmoAnta	SmoAnta
CHEMBL4276902	CHEMBL4276902	UVIGWWSMAYEMJH-UHFFFAOYSA-N	CN(C(=O)c1ccc([N+](=O)[O-])cc1)C1CCN(c2nnc(-c3ccnn3C)c3ccccc23)CC1	SmoAnta	SmoAnta
CHEMBL3818767	CHEMBL3818767	FCKSLAFXXUZLQM-UHFFFAOYSA-N	Cn1c(-c2cccc(N3CCc4sc(C(=O)N5CCN(c6ncccn6)CC5)cc4C3)c2)nc2ccccc21	SmoAnta	SmoAnta
CHEMBL4168846	CHEMBL4168846	KAUPFNDRYSGICT-UHFFFAOYSA-N	Cc1ccc(NCc2cccn2-c2nnc(N3CCC(C(=O)NC4CCCCC4C)CC3)s2)cn1	SmoAnta	SmoAnta
CHEMBL3924243	CHEMBL3924243	FYBFXVILVGDINR-WSGLMESZSA-N	C[C@@H]1CC[C@H]2[C@@H](C)[C@@H](CC(=O)Nc3ccc(Cl)c(-c4ccccn4)c3)O[C@@H]3O[C@@]4(C)CC[C@@H]1[C@@]23OO4	SmoAnta	SmoAnta
CHEMBL3980443	CHEMBL3980443	RGHIUACNCDFLPP-MDYRTPRTSA-N	Cc1ccc2c(n1)[C@H]([C@@H](C)C(=O)Nc1ccc(Cl)c(-c3nc4ccccc4o3)c1)CC[C@H]2C	SmoAnta	SmoAnta
CHEMBL4562519	CHEMBL4562519	KSBHDSLUZJLXIN-SQHAQQRYSA-N	C[C@]1(c2ccc(Cl)cc2Cl)OC[C@@H](COc2ccc(N3CCN(c4ccc([N+](=O)[O-])cc4)CC3)cc2)O1	SmoAnta	SmoAnta
CHEMBL3818148	CHEMBL3818148	YUGZVIKQWJLOIO-UHFFFAOYSA-N	Cn1c(-c2cccc(N3CCc4sc(C(=O)Nc5cccnc5)cc4C3)c2)nc2ccccc21	SmoAnta	SmoAnta
CHEMBL3941556	CHEMBL3941556	LOQPFPMIOLQJTQ-OGWOLHLISA-N	Cc1ccc2c(n1)[C@H]([C@@H](C)C(=O)Nc1ccc(Cl)c(-c3nnc(-c4ccnn4C)s3)c1)CC[C@H]2C	SmoAnta	SmoAnta
CHEMBL4281406	CHEMBL4281406	UVQRRTFLAPBWDY-UHFFFAOYSA-N	CN(C(=O)c1ccc(Oc2ccccc2)cc1)C1CCN(c2nnc(-c3ccnn3C)c3ccccc23)CC1	SmoAnta	SmoAnta
CHEMBL3949509	CHEMBL3949509	XFVHLKZDDHYLSX-MRXNPFEDSA-N	COC(=O)[C@H](C)c1ccc(C)c2ccc(C(=O)Nc3ccc(Cl)c(-c4ccccn4)c3)nc12	SmoAnta	SmoAnta
CHEMBL3262647	CHEMBL3262647	CDKXZKQXPFEOGX-UHFFFAOYSA-N	Cc1cnc(-c2cc(N3CCn4cc(C(=O)OCC5CC5)nc4C3)ncc2Cl)c(C)c1	SmoAnta	SmoAnta
CHEMBL3262644	CHEMBL3262644	GQRQIEUGLKLUGI-UHFFFAOYSA-N	Cc1cnc(-c2cc(N3CCn4cc(C(=O)Nc5ccccn5)nc4C3)ncc2Cl)c(C)c1	SmoAnta	SmoAnta
CHEMBL3262632	CHEMBL3262632	CMDQQXBOCJAGIK-UHFFFAOYSA-N	Cc1cnc(-c2cc(N3CCn4cc(C(=O)N5CCCC5)nc4C3)ncc2Cl)c(C)c1	SmoAnta	SmoAnta
CHEMBL4527095	CHEMBL4527095	QXSBEBKLAVCCAJ-UHFFFAOYSA-N	Cc1ccc(NCc2ccnn2-c2nnc(N3CCC(C(=O)Nc4ncccc4C)CC3)s2)nc1	SmoAnta	SmoAnta
CHEMBL3932585	CHEMBL3932585	KPFRXMSHVWUIES-MDYRTPRTSA-N	Cc1ccc2c(n1)[C@H]([C@@H](C)C(=O)Nc1ccc(Cl)c(-c3nc4ccccc4s3)c1)CC[C@H]2C	SmoAnta	SmoAnta
CHEMBL4635021	CHEMBL4635021	SUGACIRRQDVQFQ-UHFFFAOYSA-N	COc1ccccc1Nc1ccccc1C(=O)N1CCC(N(C)C(=O)c2ccc(F)cc2C(F)(F)F)CC1	SmoAnta	SmoAnta
CHEMBL3971787	CHEMBL3971787	WPGWBJFFTHWZIM-QANQIFJLSA-N	C[C@@H]1CC[C@@H]([C@@H](C)C(=O)Nc2ccc(Cl)c(-c3ccccn3)c2)[C@H]2CC(=O)CC[C@H]21	SmoAnta	SmoAnta
CHEMBL4518172	CHEMBL4518172	MTGMYDWJXIQBTM-UHFFFAOYSA-N	Cc1ccc(NCc2ccccc2-c2nnc(N3CCC(C(=O)NC4CCCCC4C)CC3)s2)nc1	SmoAnta	SmoAnta
CHEMBL2031282	CHEMBL2031282	CIWMWTKJZQOXBC-UHFFFAOYSA-N	COc1cc(C(=O)NC(=N)Nc2cccc(NC(=O)c3ccccc3)c2)cc(OC)c1OC	SmoAnta	SmoAnta
CHEMBL3817987	CHEMBL3817987	YOAUQBAZKJOQJF-UHFFFAOYSA-N	Cn1c(-c2cccc(N3CCc4sc(C(=O)N5CCOCC5)cc4C3)c2)nc2ccccc21	SmoAnta	SmoAnta
CHEMBL2031084	CHEMBL2031084	KVQVEZQDNHMQJV-UHFFFAOYSA-N	COc1cc(C(=O)NC(=S)Nc2cccc(NC(=O)c3ccccc3)c2)cc(OC)c1OC	SmoAnta	SmoAnta
CHEMBL3262639	CHEMBL3262639	HCAOYAWUNJOYQT-UHFFFAOYSA-N	Cc1cnc(-c2cc(N3CCn4cc(C(=O)Nc5ccccc5)nc4C3)ncc2Cl)c(C)c1	SmoAnta	SmoAnta
CHEMBL3126692	CHEMBL3126692	QPWNQEIHZQVOKU-UHFFFAOYSA-N	CS(=O)(=O)c1ccc(C(=O)Nc2ccc(Cl)c(NC(=O)Nc3ccc(C(F)(F)F)cc3Cl)c2)c(Cl)c1	SmoAnta	SmoAnta
CHEMBL4639888	CHEMBL4639888	ZCPKMPIKUSDXEJ-UHFFFAOYSA-N	CN(C(=O)c1ccc([N+](=O)[O-])cc1)C1CCN(C(=O)c2ccccc2Nc2ccnn2C)CC1	SmoAnta	SmoAnta
CHEMBL4462158	CHEMBL4462158	KSBHDSLUZJLXIN-SHQCIBLASA-N	C[C@@]1(c2ccc(Cl)cc2Cl)OC[C@@H](COc2ccc(N3CCN(c4ccc([N+](=O)[O-])cc4)CC3)cc2)O1	SmoAnta	SmoAnta
CHEMBL560932	CHEMBL560932	BKYPFBBGDSHHFU-UHFFFAOYSA-N	CCCN(CCC)C(=O)NCc1ccc2c(cnn2-c2ccc(F)cc2)c1	SmoAnta	SmoAnta
CHEMBL3818511	CHEMBL3818511	NWPSUTCRLHEOKU-UHFFFAOYSA-N	Cn1c(-c2cc(N3CCc4sc(C(=O)N5CCCC5)cc4C3)ccc2Cl)nc2ccccc21	SmoAnta	SmoAnta
CHEMBL3817945	CHEMBL3817945	ALFQWXZWABZKMA-UHFFFAOYSA-N	CN1CCN(C(=O)c2cc3c(s2)CCN(c2cccc(-c4nc5ccccc5n4C)c2)C3)CC1	SmoAnta	SmoAnta
CHEMBL3890559	CHEMBL3890559	YESYYUXNJQLDGA-RDQZFCRKSA-N	C[C@@H]1CC[C@@H]([C@@H](C)C(=O)Nc2ccc(Cl)c(-c3ccccn3)c2)[C@H]2Cc3c(cnn3-c3ccccc3)C[C@H]21	SmoAnta	SmoAnta
CHEMBL562811	CHEMBL562811	LRFHICDJSWCQTA-UHFFFAOYSA-N	CCCC(C)(C)C(=O)NCc1ccc2c(cnn2-c2ccc(F)cc2)c1	SmoAnta	SmoAnta
CHEMBL563112	CHEMBL563112	XIDWGLCCNBGPKR-UHFFFAOYSA-N	CCCC(CCC)C(=O)NCc1ccc2c(cnn2-c2cccnc2OC)c1	SmoAnta	SmoAnta
CHEMBL454984	CHEMBL454984	YFDHKSKGWQOQGC-LJAQVGFWSA-N	Cc1cccc(C(=O)Nc2ccc3c(c2)C[C@@H](NCc2cnc4ccccc4c2)C3)c1-c1ccc(C(F)(F)F)cc1	SmoAnta	SmoAnta
CHEMBL3262640	CHEMBL3262640	WYFLFGUNKBDJTG-UHFFFAOYSA-N	Cc1cnc(-c2cc(N3CCn4cc(C(=O)Nc5ccccc5F)nc4C3)ncc2Cl)c(C)c1	SmoAnta	SmoAnta
CHEMBL3819236	CHEMBL3819236	JJXURMGKHDVKHJ-UHFFFAOYSA-N	Cn1c(-c2cccc(N3CCc4sc(C(=O)N5CCCC5)cc4C3)c2)nc2ccccc21	SmoAnta	SmoAnta
CHEMBL500172	CHEMBL500172	LYODMXQUDKHZIG-LJAQVGFWSA-N	CC(=O)Nc1ccc(CN[C@H]2Cc3ccc(NC(=O)c4cccc(C)c4-c4ccc(C(F)(F)F)cc4)cc3C2)cc1	SmoAnta	SmoAnta
CHEMBL552208	CHEMBL552208	CPPOCKDLLMLTSE-UHFFFAOYSA-N	CCCC(C)C(=O)NCc1ccc2c(cnn2-c2ccc(F)cc2)c1	SmoAnta	SmoAnta
CHEMBL2031292	CHEMBL2031292	OGFNGTSABBTRAL-UHFFFAOYSA-N	COc1cc(C(=O)NC(=N)Nc2ccc(Cl)c(NC(=O)c3ccccc3)c2)cc(OC)c1OC	SmoAnta	SmoAnta
CHEMBL3818879	CHEMBL3818879	NFRRFWAXPDEAAT-UHFFFAOYSA-N	Cn1c(-c2cccc(N3CCc4sc(C(=O)N5CCN(S(C)(=O)=O)CC5)cc4C3)c2)nc2ccccc21	SmoAnta	SmoAnta
CHEMBL3262646	CHEMBL3262646	SHAWLEKYMYKBDX-UHFFFAOYSA-N	Cc1cnc(-c2cc(N3CCn4cc(C(=O)OC(C)C)nc4C3)ncc2Cl)c(C)c1	SmoAnta	SmoAnta
CHEMBL4553897	CHEMBL4553897	HGJIQAITFMUGOA-LBPRGKRZSA-N	C[C@H]1C(=O)N(c2ccc(Cl)cc2)C(=O)N1CC1CCCCC1	SmoAnta	SmoAnta
CHEMBL4583477	CHEMBL4583477	OKOUKECKRSIQIW-SQHAQQRYSA-N	C[C@]1(c2ccc(Cl)cc2Cl)OC[C@@H](COc2ccc(N3CCN(c4ccc(N)cc4)CC3)cc2)O1	SmoAnta	SmoAnta
CHEMBL2059876	CHEMBL2059876	KIMWGVLICFOIOM-UHFFFAOYSA-N	Cc1ccc(-c2ccncc2)cc1NC(=O)c1ccc(OCc2ccccn2)cc1	SmoAnta	SmoAnta
CHEMBL4513409	CHEMBL4513409	XCPCXJRSRKPYJT-UHFFFAOYSA-N	Cc1cnc(NCc2ccnn2-c2nnc(N3CCC(C(=O)NC4CCCCC4C)CC3)s2)cn1	SmoAnta	SmoAnta
CHEMBL496013	CHEMBL496013	PMNLMFUHSIYHHB-UHFFFAOYSA-N	c1ccc(Cc2nnc(N3CCN(c4ccccc4)CC3)c3ccccc23)cc1	SmoAnta	SmoAnta
CHEMBL3262643	CHEMBL3262643	LPFHUFINDXZPRT-UHFFFAOYSA-N	Cc1cnc(-c2cc(N3CCn4cc(C(=O)Nc5ccc(F)c(F)c5)nc4C3)ncc2Cl)c(C)c1	SmoAnta	SmoAnta
CHEMBL3818648	CHEMBL3818648	QTHVPVJHEXVRQA-UHFFFAOYSA-N	Cn1c(-c2cccc(N3CCc4sc(C(=O)N5CCC(O)CC5)cc4C3)c2)nc2ccccc21	SmoAnta	SmoAnta
CHEMBL3290331	CHEMBL3290331	XUZUIICAPXZZDU-GOSISDBHSA-N	C[C@@H]1CN(c2nnc(Cc3ccccc3)c3ccc(Cl)cc23)CCN1c1ccc(C#N)cn1	SmoAnta	SmoAnta
CHEMBL3262642	CHEMBL3262642	BUBVCHWQDQWTCN-UHFFFAOYSA-N	Cc1cnc(-c2cc(N3CCn4cc(C(=O)Nc5ccc(F)cc5)nc4C3)ncc2Cl)c(C)c1	SmoAnta	SmoAnta
CHEMBL184712	CHEMBL184712	PHMWPKDBVRDSTN-UHFFFAOYSA-N	Cc1ccc(NC(=O)c2cc(F)cc(N3CCCC3)c2)cc1NC(=O)c1ccc(OCc2ccccn2)cc1	SmoAnta	SmoAnta
CHEMBL1813102	CHEMBL1813102	IKVPZWMBHFZWES-MNEFBYGVSA-N	N#Cc1cc(Cl)c(NC(=O)N2CCN3C(=O)N([C@H]4C[C@@H]4c4ccccc4)C(=O)[C@@H]3C2)c(Cl)c1	SmoAnta	SmoAnta
CHEMBL2059874	CHEMBL2059874	GDRKANJOGSNMTE-UHFFFAOYSA-N	Cc1ccc(-c2cccnc2)cc1NC(=O)c1ccc(OCc2ccccn2)cc1	SmoAnta	SmoAnta
CHEMBL184721	CHEMBL184721	SVRHUWKSZKNYFQ-UHFFFAOYSA-N	Cc1ccc(NC(=O)c2cccc(N3CCOCC3)c2)cc1NC(=O)c1ccc(OCc2ccccn2)cc1	SmoAnta	SmoAnta
CHEMBL3818296	CHEMBL3818296	WWQFPNVPAUTHDL-UHFFFAOYSA-N	Cn1c(-c2cccc(N3CCc4sc(C(=O)N5CCN(c6ccc(Cl)c(Cl)c6)CC5)cc4C3)c2)nc2ccccc21	SmoAnta	SmoAnta
CHEMBL4452315	CHEMBL4452315	DXAPNAWHLHNXPW-UHFFFAOYSA-N	Cc1ccc(NCc2ccnn2-c2nnc(N3CCC(C(=O)Nc4cccnc4C)CC3)s2)nc1	SmoAnta	SmoAnta
CHEMBL3977846	CHEMBL3977846	RXVLUIAXECSAFS-NGQKKBAQSA-N	C[C@@H]1CC[C@@H]([C@@H](C)C(=O)Nc2ccc(Cl)c(-c3ccccn3)c2)[C@H]2Cc3c(c4ccccc4n3C)C[C@H]21	SmoAnta	SmoAnta
CHEMBL473892	CHEMBL473892	FQVISFRAFHXJCA-UHFFFAOYSA-N	O=C(Nc1ccc2c(c1)CC(NCc1ccccn1)C2)c1ccccc1-c1ccc(C(F)(F)F)cc1	SmoAnta	SmoAnta
CHEMBL496604	CHEMBL496604	HZYOJTRPVYPKHR-UHFFFAOYSA-N	N#Cc1ccc(N2CCN(c3nnc(Cc4ccc(Cl)cc4)c4ccccc34)CC2)nc1	SmoAnta	SmoAnta
CHEMBL3262630	CHEMBL3262630	RARPIABSPBJUEX-UHFFFAOYSA-N	Cc1cnc(-c2cc(N3CCn4cc(C(=O)NCC5CC5)nc4C3)ncc2Cl)c(C)c1	SmoAnta	SmoAnta
CHEMBL4163487	CHEMBL4163487	ZCVJRSKFVAZOMW-UHFFFAOYSA-N	Cc1ccc(NCc2cccn2-c2nnc(N3CCC(C(=O)NC4CCCC4)CC3)s2)cc1	SmoAnta	SmoAnta
CHEMBL4539606	CHEMBL4539606	MZHLASDIRDXOKV-NSHDSACASA-N	C[C@H]1C(=O)N(c2ccc(Cl)cc2)C(=O)N1c1ccccc1	SmoAnta	SmoAnta
CHEMBL4470299	CHEMBL4470299	KBUHQQYSJQKOBA-UHFFFAOYSA-N	Cc1ccc(NCc2ccnn2-c2nnc(N3CCC(C(=O)Nc4cnccc4C)CC3)s2)nc1	SmoAnta	SmoAnta
CHEMBL3262636	CHEMBL3262636	DJTWCNZFPKKUQZ-GOSISDBHSA-N	COC[C@H]1CCCN1C(=O)c1cn2c(n1)CN(c1cc(-c3ncc(C)cc3C)c(Cl)cn1)CC2	SmoAnta	SmoAnta
CHEMBL4632537	CHEMBL4632537	RZOQFRBYXJSMNW-UHFFFAOYSA-N	COc1ccc(C(=O)N(C)C2CCN(C(=O)c3ccccc3Nc3ccnn3C)CC2)cc1	SmoAnta	SmoAnta
CHEMBL3976847	CHEMBL3976847	PGAYHJCRHZFARK-OGWOLHLISA-N	Cc1ccc2c(n1)[C@H]([C@@H](C)C(=O)Nc1ccc(Cl)c(-c3nnc(-c4ccnn4C)o3)c1)CC[C@H]2C	SmoAnta	SmoAnta
CHEMBL2152380	CHEMBL2152380	QTLBMNJSLGONIJ-ZMMOYELXSA-N	O=C(C[C@@H]1C/C=C/CCC(=O)N[C@H](c2ccc(Cl)cc2)COC1=O)NCc1ccc(Cl)cc1	SmoAnta	SmoAnta
CHEMBL2031285	CHEMBL2031285	JQZTVMVURSQPAL-UHFFFAOYSA-N	COc1cc(C(=O)NC(=N)Nc2cccc(NC(=O)c3cn4ccsc4n3)c2)cc(OC)c1OC	SmoAnta	SmoAnta
CHEMBL1813099	CHEMBL1813099	XRMMCTRJDOBPAE-FHLIZLRMSA-N	O=C(Nc1cccc(Cl)c1Cl)N1CCN2C(=O)N([C@H]3C[C@@H]3c3ccccc3)C(=O)[C@H]2C1	SmoAnta	SmoAnta
CHEMBL3262654	CHEMBL3262654	PPCGEPKCGSWYEM-UHFFFAOYSA-N	COCC(=O)Nc1cn2c(n1)CN(c1cc(-c3ncc(C)cc3C)c(Cl)cn1)CC2	SmoAnta	SmoAnta
CHEMBL4168100	CHEMBL4168100	JNJZUQNREVHUNF-UHFFFAOYSA-N	Cc1ccc(NCc2cccn2-c2nnc(N3CCC(C(=O)NC4CCCCC4)CC3)s2)cc1	SmoAnta	SmoAnta
CHEMBL1813098	CHEMBL1813098	XRMMCTRJDOBPAE-QGTPRVQTSA-N	O=C(Nc1cccc(Cl)c1Cl)N1CCN2C(=O)N([C@@H]3C[C@H]3c3ccccc3)C(=O)[C@@H]2C1	SmoAnta	SmoAnta
CHEMBL556427	CHEMBL556427	UGDCQBBWTYXMIS-UHFFFAOYSA-N	CCCC(CCC)C(=O)NCc1ccc2c(cnn2-c2cccc(F)c2)c1	SmoAnta	SmoAnta
CHEMBL1813097	CHEMBL1813097	XRMMCTRJDOBPAE-JLSDUUJJSA-N	O=C(Nc1cccc(Cl)c1Cl)N1CCN2C(=O)N([C@H]3C[C@@H]3c3ccccc3)C(=O)[C@@H]2C1	SmoAnta	SmoAnta
CHEMBL3262627	CHEMBL3262627	YSEMUIFELHGCRR-UHFFFAOYSA-N	CCOC(=O)c1cn2c(n1)CN(c1cc(-c3ncc(C)cc3C)c(Cl)cn1)CC2	SmoAnta	SmoAnta
CHEMBL521900	CHEMBL521900	UWCQBFHABOTGRR-UHFFFAOYSA-N	N#Cc1ccc(N2CCN(c3nnc(Cc4cccc(Cl)c4)c4ccccc34)CC2)nc1	SmoAnta	SmoAnta
CHEMBL550254	CHEMBL550254	MKJZHIURZNDKLM-UHFFFAOYSA-N	CCC(CC)C(=O)NCc1ccc2c(cnn2-c2ccc(F)cc2)c1	SmoAnta	SmoAnta
CHEMBL497436	CHEMBL497436	ISXNBYFYHJAITP-IBGZPJMESA-N	C[C@H]1CN(c2nnc(Cc3ccccc3)c3ccccc23)CCN1c1ccc(C#N)cn1	SmoAnta	SmoAnta
CHEMBL497639	CHEMBL497639	AOYORYCIQQUHIQ-LJQANCHMSA-N	C[C@@H]1CN(c2ccc(C#N)cn2)CCN1c1nnc(Cc2ccccc2)c2ccccc12	SmoAnta	SmoAnta
CHEMBL3262648	CHEMBL3262648	WSNXJTQLOBSNPD-UHFFFAOYSA-N	Cc1cnc(-c2cc(N3CCn4cc(C(=O)OC5CCCC5)nc4C3)ncc2Cl)c(C)c1	SmoAnta	SmoAnta
CHEMBL4645447	CHEMBL4645447	KEGXJTSISFZBCK-UHFFFAOYSA-N	COc1ccc(Nc2ccccc2C(=O)N2CCC(N(C)C(=O)c3ccc(F)cc3C(F)(F)F)CC2)cc1	SmoAnta	SmoAnta
CHEMBL496014	CHEMBL496014	FCTUWPXBMWNCFN-UHFFFAOYSA-N	c1ccc(Cc2nnc(N3CCN(c4ccccn4)CC3)c3ccccc23)cc1	SmoAnta	SmoAnta
CHEMBL3262633	CHEMBL3262633	OCCVBKOCPRWKIU-UHFFFAOYSA-N	Cc1cnc(-c2cc(N3CCn4cc(C(=O)N5CCOCC5)nc4C3)ncc2Cl)c(C)c1	SmoAnta	SmoAnta
CHEMBL3604617	CHEMBL3604617	YJSDITZISOKGAR-UHFFFAOYSA-N	CC(=O)Nc1nc2ccc(-c3cnc(Cl)c(NC(=O)c4ccc(C)cc4)c3)cc2s1	SmoAnta	SmoAnta
CHEMBL4063037	CHEMBL4063037	OWXXWSGLWGSRRH-UHFFFAOYSA-N	O=C(c1ccccc1)c1c(-c2ccccc2)[nH]c2ccc(Br)cc2c1=O	SmoAnta	SmoAnta
CHEMBL4284509	CHEMBL4284509	VRQNABVWSDBRCH-UHFFFAOYSA-N	CN(C(=O)c1ccc(B(O)O)cc1)C1CCN(c2nnc(-c3ccnn3C)c3ccccc23)CC1	SmoAnta	SmoAnta
CHEMBL3262653	CHEMBL3262653	FQEXCVFLNODSOS-UHFFFAOYSA-N	CCC(=O)Nc1cn2c(n1)CN(c1cc(-c3ncc(C)cc3C)c(Cl)cn1)CC2	SmoAnta	SmoAnta
CHEMBL550661	CHEMBL550661	ISYLLTDRYOOVEA-UHFFFAOYSA-N	CCCC(CCC)C(=O)NCc1ccc2c(cnn2-c2ccccc2F)c1	SmoAnta	SmoAnta
CHEMBL563992	CHEMBL563992	MJTQBEDSIXELDP-UHFFFAOYSA-N	CCCC(CCC)C(=O)NCc1ccc2c(cnn2-c2ccc(C)cc2)c1	SmoAnta	SmoAnta
CHEMBL2031286	CHEMBL2031286	RXXFRHDYIHRLSF-UHFFFAOYSA-N	COc1cc(C(=O)NC(=N)Nc2cccc(-n3ccc4ccccc43)c2)cc(OC)c1OC	SmoAnta	SmoAnta
CHEMBL3262651	CHEMBL3262651	TUNZLIIQCKXKEA-UHFFFAOYSA-N	Cc1cnc(-c2cc(N3CCn4cc(CN5CCOCC5)nc4C3)ncc2Cl)c(C)c1	SmoAnta	SmoAnta
CHEMBL4471156	CHEMBL4471156	OKOUKECKRSIQIW-SHQCIBLASA-N	C[C@@]1(c2ccc(Cl)cc2Cl)OC[C@@H](COc2ccc(N3CCN(c4ccc(N)cc4)CC3)cc2)O1	SmoAnta	SmoAnta
CHEMBL3604620	CHEMBL3604620	LMMYZDOSQIYPHS-UHFFFAOYSA-N	CC(=O)Nc1nc2ccc(-c3cnc(Cl)c(NCc4ccccc4)c3)cc2s1	SmoAnta	SmoAnta
CHEMBL561995	CHEMBL561995	GVWYHIZPCLYUEU-UHFFFAOYSA-N	CCCC(CCC)C(=O)NCc1ccc2c(cnn2-c2c(C)cccc2C)c1	SmoAnta	SmoAnta
CHEMBL4171049	CHEMBL4171049	BGYZVKLCNIDUKT-UHFFFAOYSA-N	Cc1oc(-c2cccc(Cl)c2)nc1CN1CCC(C(=O)NC2CCCc3ccccc32)CC1	SmoAnta	SmoAnta
CHEMBL3262649	CHEMBL3262649	FIENVSBFZUFAFU-UHFFFAOYSA-N	Cc1cnc(-c2cc(N3CCn4cc(C(=O)Oc5ccccc5)nc4C3)ncc2Cl)c(C)c1	SmoAnta	SmoAnta
CHEMBL496603	CHEMBL496603	PZHMWEYKHTVOIV-UHFFFAOYSA-N	N#Cc1ccc(N2CCN(c3nnc(Cc4ccc(F)cc4)c4ccccc34)CC2)nc1	SmoAnta	SmoAnta
CHEMBL3948161	CHEMBL3948161	VHNMJYCHZDSMID-ZQATVHPOSA-N	Cc1ccc2c(n1)[C@H]([C@@H](C)C(=O)Nc1ccc(Cl)c(-c3ccc(N4C[C@H](C)O[C@H](C)C4)cn3)c1)CC[C@H]2C	SmoAnta	SmoAnta
CHEMBL3906154	CHEMBL3906154	BUAQQQXCXVROEG-DFHBCGBQSA-N	Cc1ccc2c(n1)[C@H]([C@@H](C)C(=O)Nc1ccc(Cl)c(-c3noc(C)n3)c1)CC[C@H]2C	SmoAnta	SmoAnta
CHEMBL3966039	CHEMBL3966039	RUOYEUMJKZIONP-CYBMUJFWSA-N	Cc1c(-c2ccc(C(F)(F)F)cc2)nnc(N2CCN(c3cnc(C(=O)O)cn3)[C@H](C)C2)c1C	SmoAnta	SmoAnta
CHEMBL3915704	CHEMBL3915704	REUQIRONFPYTOT-UHFFFAOYSA-N	Cc1c(Cc2ccccc2)nnc(N2CCN(Cc3ccccc3)CC2)c1C	SmoAnta	SmoAnta
CHEMBL3960935	CHEMBL3960935	LIOVPPURPDQFMB-CYBMUJFWSA-N	Cc1c(-c2ccc(F)cc2)nnc(N2CCN(c3cnc(C(=O)O)cn3)[C@H](C)C2)c1C	SmoAnta	SmoAnta
CHEMBL3977460	CHEMBL3977460	MKMMPXPZIKKINZ-CQSZACIVSA-N	COC(=O)c1cnc(N2CCN(c3nnc(-c4ccc(F)c(C#N)c4)c(C)c3C)C[C@H]2C)cn1	SmoAnta	SmoAnta
CHEMBL3971008	CHEMBL3971008	GRPLFVZGLYQPHG-XESZBRCGSA-N	Cc1c(Cc2ccccc2)nnc(N2CCN(c3cnc(C(O)CO)cn3)[C@H](C)C2)c1C	SmoAnta	SmoAnta
CHEMBL3938334	CHEMBL3938334	AHQWNOPSANGZRN-JOCHJYFZSA-N	Cc1c(Cc2ccccc2)nnc(N2CCN(c3cnc(C(=O)NCCN4CCN(C)CC4)cn3)[C@H](C)C2)c1C	SmoAnta	SmoAnta
CHEMBL3951798	CHEMBL3951798	WPROSJKCWCTPJV-UHFFFAOYSA-N	Cc1c(Cc2ccccc2)nnc(N2CCC(N3CCc4ccccc4C3)CC2)c1C	SmoAnta	SmoAnta
CHEMBL3897743	CHEMBL3897743	JQVZWAGDPWSRQH-OAHLLOKOSA-N	Cc1c(Cc2ccccc2)nnc(N2CCN(c3cnc(C(=O)O)cn3)[C@H](C)C2)c1C	SmoAnta	SmoAnta
CHEMBL3941852	CHEMBL3941852	LIAFPWINRGOUFU-JOCHJYFZSA-N	Cc1c(Cc2ccccc2)nnc(N2CCN(c3cnc(C(=O)N4CCN(C(C)C)CC4)cn3)[C@H](C)C2)c1C	SmoAnta	SmoAnta
CHEMBL3969729	CHEMBL3969729	UNDROGNUVWOCGV-UHFFFAOYSA-N	Cc1c(-c2ccc(C(C)C)cc2)nnc(N2CCN(c3ccc(C(F)(F)F)cn3)CC2)c1C	SmoAnta	SmoAnta
CHEMBL3910002	CHEMBL3910002	BNEJONAXBWWXKD-CQSZACIVSA-N	Cc1c(Cc2ccccc2)nnc(N2CCN(c3ncc(C(=O)O)c(C(F)(F)F)n3)[C@H](C)C2)c1C	SmoAnta	SmoAnta
CHEMBL3916441	CHEMBL3916441	DJIDIHUSPOBXQY-UHFFFAOYSA-N	Cc1c(-c2ccccc2)nnc(N2CCN(c3ccc(C(F)(F)F)cn3)CC2)c1C	SmoAnta	SmoAnta
CHEMBL3973278	CHEMBL3973278	SKPQDCCUCGACOU-OAHLLOKOSA-N	COC(=O)c1cnc(N2CCN(c3nnc(-c4ccc(OC)cc4)c(C)c3C)C[C@H]2C)cn1	SmoAnta	SmoAnta
CHEMBL3950902	CHEMBL3950902	VTWLMYAQHOTLFJ-QANQIFJLSA-N	C[C@@H]1CC[C@@H]([C@@H](C)C(=O)Nc2ccc(Cl)c(-c3ccccn3)c2)[C@H]2CC(=O)C=C[C@@H]12	SmoAnta	SmoAnta
CHEMBL3913172	CHEMBL3913172	ZBCOVOBWNJSRMN-YKCBXCCJSA-N	C[C@@H]1CC[C@@H]([C@@H](C)C(=O)Nc2ccc(Cl)c(-c3ccccn3)c2)C2=CC(=O)CC[C@H]21	SmoAnta	SmoAnta
CHEMBL3979853	CHEMBL3979853	SUKVSGKOIMEXGX-XVPKGPJRSA-N	C[C@@H]1CC[C@@H]([C@@H](C)C(=O)Nc2ccc(Cl)c(-c3ccccn3)c2)[C@H]2CC(O)CC[C@H]21	SmoAnta	SmoAnta
CHEMBL3906243	CHEMBL3906243	GNPQEIGPKGMXKY-UHFFFAOYSA-N	Cc1c(Cc2ccccc2)nnc(N2CCC(N3Cc4ccccc4C3)CC2)c1C	SmoAnta	SmoAnta
CHEMBL3934007	CHEMBL3934007	UQRFQYRVYFKNLW-UHFFFAOYSA-N	Cc1nc(Cc2nnc(N3CCN(c4ccc(C(F)(F)F)cn4)CC3)c(C)c2C)no1	SmoAnta	SmoAnta
CHEMBL3892588	CHEMBL3892588	MGIMZOSALMVRPI-UHFFFAOYSA-N	Cc1c(Cc2ccccc2)nnc(N2CCC(C#N)(c3ccc(C(C)(C)O)cn3)CC2)c1C	SmoAnta	SmoAnta
CHEMBL3959511	CHEMBL3959511	BRDQCZVOORYBQS-UHFFFAOYSA-N	CCCCOC(=O)c1cnc(N2CCN(c3nnc(-c4ccc(C(C)C)cc4)c(C)c3C)CC2)cc1C(F)(F)F	SmoAnta	SmoAnta
CHEMBL3981990	CHEMBL3981990	QHYINPMHPSJHOL-CYBMUJFWSA-N	COC(=O)c1cnc(N2CCN(c3nnc(-c4ccc(F)c(Cl)c4)c(C)c3C)C[C@H]2C)cn1	SmoAnta	SmoAnta
CHEMBL3944445	CHEMBL3944445	JDHHLKZLNWGAAV-INIZCTEOSA-N	COC(=O)c1cnc(N2CCN(c3nnc(Cc4ccccc4)c(C)c3C)C[C@@H]2C)cn1	SmoAnta	SmoAnta
CHEMBL3958236	CHEMBL3958236	BICVVNYZNHJZPZ-UHFFFAOYSA-N	Cc1c(Cc2ccccc2)nnc(N2CCC(c3nc4ncccc4[nH]3)CC2)c1C	SmoAnta	SmoAnta
CHEMBL3919359	CHEMBL3919359	NSEMGRHHSHKGNG-LJQANCHMSA-N	COC(=O)c1cnc(N2CCN(c3nnc(-c4ccccc4-c4ccccc4)c(C)c3C)C[C@H]2C)cn1	SmoAnta	SmoAnta
CHEMBL3906764	CHEMBL3906764	IPYHGTQGYJQMOA-UHFFFAOYSA-N	COC(=O)c1cnc(N2CCC(c3nnc(Cc4ccccc4)c(C)c3C)CC2)cn1	SmoAnta	SmoAnta
CHEMBL3890551	CHEMBL3890551	FPOARNGOMVMKNX-RLVOKJKJSA-N	CC(=O)Nc1nc2c(s1)C[C@@H]1[C@H](C2)[C@H]([C@@H](C)C(=O)Nc2ccc(Cl)c(-c3ccccn3)c2)CC[C@H]1C	SmoAnta	SmoAnta
CHEMBL3955601	CHEMBL3955601	ACGRNOUTQGLSMF-UHFFFAOYSA-N	Cc1c(Cc2ccccc2)nnc(N2CCC(C)(c3nc4ncccc4[nH]3)CC2)c1C	SmoAnta	SmoAnta
CHEMBL3967640	CHEMBL3967640	XQENYCWPJSUPCZ-CQSZACIVSA-N	COC(=O)c1cnc(N2CCN(c3nnc(-c4ccc(C(F)(F)F)cc4)c(C)c3C)C[C@H]2C)cn1	SmoAnta	SmoAnta
CHEMBL3896503	CHEMBL3896503	QQDFLNQCKPEAOT-UHFFFAOYSA-N	Cc1c(Cc2ccccc2)nnc(N2CCC(c3ncc(Cl)[nH]3)CC2)c1C	SmoAnta	SmoAnta
CHEMBL3938550	CHEMBL3938550	MCMYHVXDLUYIPY-OAHLLOKOSA-N	Cc1c(Cc2ccccc2)nnc(N2CCN(c3cncc(C(N)=O)n3)[C@H](C)C2)c1C	SmoAnta	SmoAnta
CHEMBL3959631	CHEMBL3959631	AAUUNSQBGGSYMB-RLVOKJKJSA-N	Cc1nc2c(s1)C[C@@H]1[C@H](C2)[C@H]([C@@H](C)C(=O)Nc2ccc(Cl)c(-c3ccccn3)c2)CC[C@H]1C	SmoAnta	SmoAnta
CHEMBL3909304	CHEMBL3909304	HKUGMAKDLSHOLT-XKPFWTEKSA-N	Cc1ccc2c(n1)[C@H]([C@@H](C)C(=O)Nc1cccc(-c3ccc(OC(F)(F)F)cc3)c1C)CC[C@H]2C	SmoAnta	SmoAnta
CHEMBL1209315	CHEMBL1209315	DZGXRDBKXVINBB-MRXNPFEDSA-N	C[C@@H]1CN(C(=O)c2ccccc2)CCN1c1nnc(-c2ncco2)c2ccccc12	SmoAnta	SmoAnta
CHEMBL1209317	CHEMBL1209317	WGLCZDHOKCESPF-GOSISDBHSA-N	C[C@@H]1CN(C(=O)c2ccccc2)CCN1c1nnc(N2C=CC=CN2)c2ccccc12	SmoAnta	SmoAnta
CHEMBL1209134	CHEMBL1209134	ZYXQNFFWVWSSOK-GOSISDBHSA-N	C[C@@H]1CN(C(=O)c2ccccc2)CCN1c1nnc(-c2ccc(C(=O)O)cc2)c2ccccc12	SmoAnta	SmoAnta
CHEMBL1209316	CHEMBL1209316	FVCGGSFOMIGHEE-QGZVFWFLSA-N	C[C@@H]1CN(C(=O)c2ccccc2)CCN1c1nnc(-n2ccnc2)c2ccccc12	SmoAnta	SmoAnta
CHEMBL1209378	CHEMBL1209378	FYULLKIZSXNYGE-QGZVFWFLSA-N	C[C@@H]1CN(C(=O)c2ccccc2)CCN1c1nnc(-c2cncnc2)c2ccccc12	SmoAnta	SmoAnta
CHEMBL4293519	CHEMBL4293519	XINIIKIEWBDZRW-UHFFFAOYSA-N	CN(C(=O)c1ccccc1)C1CCN(c2nnc(-c3ccnn3C)c3ccccc23)CC1	SmoAnta	SmoAnta
CHEMBL366255	CHEMBL366255	SWSRBEFGWBCERT-UHFFFAOYSA-N	Cc1ccc(NC(=O)c2cccc(N(C)C)c2)cc1NC(=O)c1ccc(OCc2ccccn2)cc1	SmoAnta	SmoAnta
CHEMBL4161601	CHEMBL4161601	YCCULQLBJFSHOY-UHFFFAOYSA-N	Cc1ccc(NCc2cccn2-c2nnc(N3CCC(C(=O)NCC(C)C)CC3)s2)cc1	SmoAnta	SmoAnta
CHEMBL474892	CHEMBL474892	BDOBNHGYFGVFDD-HSZRJFAPSA-N	Cc1cccc(C(=O)Nc2ccc3c(c2)C[C@H](NCc2nccs2)C3)c1-c1ccc(C(F)(F)F)cc1	SmoAnta	SmoAnta
CHEMBL1813112	CHEMBL1813112	KKLDDEYDXMGNQG-OBZNHSRCSA-N	C[C@]12CN(C(=O)Nc3ccccc3-c3ccccc3)CCN1C(=O)N([C@H]1C[C@@H]1c1ccccc1)C2=O	SmoAnta	SmoAnta
CHEMBL568916	CHEMBL568916	AGEHOAYDTWSQIS-UHFFFAOYSA-N	CCCCC(=O)NCc1ccc2c(cnn2-c2ccc(F)cc2)c1	SmoAnta	SmoAnta
CHEMBL559001	CHEMBL559001	KTKJQWUBDBEZQM-UHFFFAOYSA-N	CCCC(CCC)C(=O)NCc1ccc2c(cnn2-c2ccc(Cl)cc2)c1	SmoAnta	SmoAnta
CHEMBL3262637	CHEMBL3262637	FKALEJGAFADACH-UHFFFAOYSA-N	Cc1cnc(-c2cc(N3CCn4cc(C(=O)N5CCC(O)CC5)nc4C3)ncc2Cl)c(C)c1	SmoAnta	SmoAnta
CHEMBL4175623	CHEMBL4175623	RRMOZVLBZWVIND-UHFFFAOYSA-N	O=C(Nc1cccc(N2CCCN(Cc3ccc(F)c(F)c3)C2=O)c1)OCc1ccccc1	SmoAnta	SmoAnta
CHEMBL1600636	CHEMBL1600636	NWLFBAVHHJECNF-UHFFFAOYSA-N	Cc1ccc(NCc2cccn2-c2nnc(N3CCC(C(=O)NC(C)C)CC3)s2)cc1	SmoAnta	SmoAnta
CHEMBL4215992	CHEMBL4215992	MIRIRXFJHRSWCL-UHFFFAOYSA-N	Cc1cc(-c2ncc(CNC(=O)c3ccc4c(c3)[nH]c3ccccc34)cc2C#N)ccn1	SmoAnta	SmoAnta
CHEMBL522241	CHEMBL522241	HHXPOXSFJXKWIY-UHFFFAOYSA-N	N#Cc1ccc(N2CCN(c3nnc(Cc4ccc(C(F)(F)F)cc4)c4ccccc34)CC2)nc1	SmoAnta	SmoAnta
CHEMBL551932	CHEMBL551932	ZMTBBWOKUQUMRJ-UHFFFAOYSA-N	CCCN(CCC)C(=O)N(C)Cc1ccc2c(cnn2-c2ccc(F)cc2)c1	SmoAnta	SmoAnta
CHEMBL3259848	CHEMBL3259848	LNMZZUPEAKKHLB-UHFFFAOYSA-N	CCNC(=O)c1cn2c(n1)CN(c1cc(-c3ncc(C)cc3C)c(Cl)cn1)CC2	SmoAnta	SmoAnta
CHEMBL521558	CHEMBL521558	NTZIYOUDVSCPRE-UHFFFAOYSA-N	FC(F)(F)c1ccc(N2CCN(c3nnc(Cc4ccccc4)c4ccccc34)CC2)nc1	SmoAnta	SmoAnta
CHEMBL4641704	CHEMBL4641704	AWSDDUNNGCDAHC-UHFFFAOYSA-N	CN(C(=O)c1ccc(C(F)(F)F)cc1)C1CCN(C(=O)c2ccccc2Nc2ccnn2C)CC1	SmoAnta	SmoAnta
CHEMBL551873	CHEMBL551873	DPEPZVLAZVAKBK-UHFFFAOYSA-N	CCCC(CCC)C(=O)NCc1ccc2c(cnn2-c2ccc(C(C)=O)cc2)c1	SmoAnta	SmoAnta
CHEMBL4290843	CHEMBL4290843	DNOPEPQGOQOIGR-UHFFFAOYSA-N	CN(C)c1ccc(C(=O)N(C)C2CCN(c3nnc(-c4ccnn4C)c4ccccc34)CC2)cc1	SmoAnta	SmoAnta
CHEMBL515245	CHEMBL515245	VHIQFTOKJVJIJC-UHFFFAOYSA-N	O=C(Nc1ccc2c(c1)CC(NCc1ccccn1)C2)c1ccccc1-c1ccccc1	SmoAnta	SmoAnta
CHEMBL3262638	CHEMBL3262638	BTAYCTVTHRDDIF-UHFFFAOYSA-N	Cc1cnc(-c2cc(N3CCn4cc(C(=O)N5CC(C)NC(C)C5)nc4C3)ncc2Cl)c(C)c1	SmoAnta	SmoAnta
CHEMBL498017	CHEMBL498017	UHDWNJLWTHGBCP-UHFFFAOYSA-N	N#Cc1ccc(N2CCC(c3cn(Cc4ccccc4)c4ccccc34)CC2)nc1	SmoAnta	SmoAnta
CHEMBL4450803	CHEMBL4450803	FNMNZBMGWFGLHS-QMMMGPOBSA-N	C[C@H]1C(=O)N(c2c(F)c(F)c(F)c(F)c2F)C(=O)N1Cc1ccccc1	SmoAnta	SmoAnta
CHEMBL4284830	CHEMBL4284830	KPJYOHUNPRHGGZ-UHFFFAOYSA-N	CN(C(=O)c1ccc(F)cc1)C1CCN(c2nnc(-c3ccnn3C)c3ccccc23)CC1	SmoAnta	SmoAnta
CHEMBL4173721	CHEMBL4173721	SSSCMBMMNBOAGG-UHFFFAOYSA-N	Cc1ccc(NCc2cccn2-c2nnc(N3CCC(C(=O)NCC4CC4)CC3)s2)cc1	SmoAnta	SmoAnta
CHEMBL1813100	CHEMBL1813100	XRMMCTRJDOBPAE-BMGDILEWSA-N	O=C(Nc1cccc(Cl)c1Cl)N1CCN2C(=O)N([C@@H]3C[C@H]3c3ccccc3)C(=O)[C@H]2C1	SmoAnta	SmoAnta
CHEMBL497209	CHEMBL497209	QJUIBOLEMOFYRT-UHFFFAOYSA-N	FC(F)(F)c1ccc(N2CCN(c3nnc(Cc4ccccc4)c4ccoc34)CC2)nc1	SmoAnta	SmoAnta
CHEMBL4294637	CHEMBL4294637	GHRIZTMMUUWAOM-UHFFFAOYSA-N	CN(C(=O)c1ccc(OCc2ccccc2)cc1)C1CCN(c2nnc(-c3ccnn3C)c3ccccc23)CC1	SmoAnta	SmoAnta
CHEMBL4474558	CHEMBL4474558	FJGFWLNGWOUFRZ-UHFFFAOYSA-N	Cc1ccc(NCc2c(-c3nnc(N4CCC(C(=O)NC5CCCCC5C)CC4)s3)cnn2C)nc1	SmoAnta	SmoAnta
CHEMBL559874	CHEMBL559874	CHSJMBVVQLTUEE-UHFFFAOYSA-N	CCCC(CCC)C(=O)NCc1ccc2c(cnn2-c2ccc(C(=O)OC(C)(C)C)cc2)c1	SmoAnta	SmoAnta
CHEMBL3262652	CHEMBL3262652	AFXGOPWFLDYHAG-UHFFFAOYSA-N	Cc1cnc(-c2cc(N3CCn4cc(NC(=O)C(F)(F)F)nc4C3)ncc2Cl)c(C)c1	SmoAnta	SmoAnta
CHEMBL2031079	CHEMBL2031079	WKQVFBAJWKTIBM-UHFFFAOYSA-N	COc1cc(C(=O)NC(=S)Nc2ccc(C)c(C(=O)Nc3ccccc3)c2)cc(OC)c1OC	SmoAnta	SmoAnta
CHEMBL557448	CHEMBL557448	MXEBAZXWGCNURF-UHFFFAOYSA-N	CCCC(CCC)C(=O)NCc1ccc2c(cnn2-c2cccnc2)c1	SmoAnta	SmoAnta
CHEMBL254129	CHEMBL254129	QASFUMOKHFSJGL-LAFRSMQTSA-N	CC1=C2C[C@H]3[C@@H](CC=C4C[C@@H](O)CC[C@@]43C)[C@@H]2CC[C@]12O[C@@H]1C[C@H](C)CN[C@H]1[C@H]2C	SmoAnta	SmoAnta
CHEMBL4646599	CHEMBL4646599	ZURYVCJOLFOBMS-UHFFFAOYSA-N	CC(=O)c1ccc(C(=O)N(C)C2CCN(C(=O)c3ccccc3Nc3ccnn3C)CC2)cc1	SmoAnta	SmoAnta
CHEMBL4286296	CHEMBL4286296	DYLOGMITWFWTCN-UHFFFAOYSA-N	CN(C(=O)c1ccc(F)cc1C(F)(F)F)C1CCN(c2nnc(Cl)c3ccccc23)CC1	SmoAnta	SmoAnta
CHEMBL4279209	CHEMBL4279209	NDBGYBOAWIXPJO-UHFFFAOYSA-N	CN(C(=O)c1ccc(N)cc1)C1CCN(c2nnc(-c3ccnn3C)c3ccccc23)CC1	SmoAnta	SmoAnta
CHEMBL4455409	CHEMBL4455409	PDECSLMLDDIEBN-MYVCOICNSA-N	C[C@]1(c2ccc(Cl)cc2Cl)OC[C@@H](COc2ccc(N3CCN(c4ccc(NC(=O)c5ccccc5O)cc4)CC3)cc2)O1	SmoAnta	SmoAnta
CHEMBL1086141	CHEMBL1086141	FZCKCYXBUAXJRW-SFHVURJKSA-N	C[C@H]1CN(c2nnc(N3CC=CC=N3)c3ccccc23)CCN1C(=O)c1ccccc1	SmoAnta	SmoAnta
CHEMBL4164165	CHEMBL4164165	BFLINSZGQJNDHH-UHFFFAOYSA-N	O=C(Nc1ccc(N2CCN(Cc3ccccc3O)CC2)nc1)c1ccccc1C(F)(F)F	SmoAnta	SmoAnta
CHEMBL498457	CHEMBL498457	TWEPAIWYLUBDHG-UHFFFAOYSA-N	OCc1ccc(N2CCN(c3nnc(Cc4ccccc4)c4ccccc34)CC2)nc1	SmoAnta	SmoAnta
CHEMBL423915	CHEMBL423915	JKHYOWBRQRJSTQ-OAQYLSRUSA-N	COC(=O)N[C@@H]1Cc2ccc(NC(=O)c3cccc(C)c3-c3ccc(C(F)(F)F)cc3)cc2C1	SmoAnta	SmoAnta
CHEMBL497819	CHEMBL497819	GYIIAGMRYYSGSS-UHFFFAOYSA-N	N#Cc1ccc(N2CCN(c3cnc(Cc4ccccc4)c4ccccc34)CC2)nc1	SmoAnta	SmoAnta
CHEMBL497412	CHEMBL497412	SBGNBKAOBXLSTB-UHFFFAOYSA-N	FC(F)(F)c1ccc(N2CCN(c3nnc(Cc4ccccc4)c4occc34)CC2)nc1	SmoAnta	SmoAnta
CHEMBL4290044	CHEMBL4290044	APASMGLCIZNUTG-UHFFFAOYSA-N	COc1cc(OC)c2c(=O)c(-c3ccc(OC)c(OCc4ccc(C(F)(F)F)cc4)c3)coc2c1	SmoAnta	SmoAnta
CHEMBL523431	CHEMBL523431	OKUDYOSQRBEFPD-UHFFFAOYSA-N	O=C(O)c1ccc(N2CCN(c3nnc(Cc4ccccc4)c4ccccc34)CC2)nc1	SmoAnta	SmoAnta
CHEMBL4282560	CHEMBL4282560	CRKURCSXYQWAAI-UHFFFAOYSA-N	CN(C(=O)c1ccc(S(=O)(=O)O)cc1)C1CCN(c2nnc(-c3ccnn3C)c3ccccc23)CC1	SmoAnta	SmoAnta
CHEMBL3262629	CHEMBL3262629	HFZBTEKWFVRYDZ-UHFFFAOYSA-N	CNC(=O)c1cn2c(n1)CN(c1cc(-c3ncc(C)cc3C)c(Cl)cn1)CC2	SmoAnta	SmoAnta
CHEMBL1084495	CHEMBL1084495	RVTDSUKCBAZCJX-INIZCTEOSA-N	C[C@H]1CN(c2nnc(-c3ncco3)c3ccccc23)CCN1C(=O)c1ccccc1	SmoAnta	SmoAnta
CHEMBL473073	CHEMBL473073	BWKLXPHCBYUBIF-UHFFFAOYSA-N	O=C(Nc1ccc2c(c1)CC(NCc1ccccn1)C2)c1ccccc1-c1ccc(Cl)cc1	SmoAnta	SmoAnta
CHEMBL4285647	CHEMBL4285647	QXVUIAMAXDDBME-UHFFFAOYSA-N	COc1cc(OC)c2c(=O)c(-c3ccc(OC)c(OCC=C(C)C)c3)coc2c1	SmoAnta	SmoAnta
CHEMBL4282987	CHEMBL4282987	VWDDISWWOTUKBN-UHFFFAOYSA-N	CN(C(=O)c1ccc(C=O)cc1)C1CCN(c2nnc(-c3ccnn3C)c3ccccc23)CC1	SmoAnta	SmoAnta
CHEMBL473703	CHEMBL473703	JKHYOWBRQRJSTQ-UHFFFAOYSA-N	COC(=O)NC1Cc2ccc(NC(=O)c3cccc(C)c3-c3ccc(C(F)(F)F)cc3)cc2C1	SmoAnta	SmoAnta
CHEMBL4543531	CHEMBL4543531	VXYMGTXJZUKBEL-HKFHRXRESA-N	C[C@]1(c2ccc(Cl)cc2Cl)OC[C@@H](COc2ccc(N3CCN(c4ccc(NC(=O)c5ccc(O)cc5)cc4)CC3)cc2)O1	SmoAnta	SmoAnta
CHEMBL564987	CHEMBL564987	LGWVQZFCSFTXQP-UHFFFAOYSA-N	CCCC(CCC)C(=O)N(C)Cc1ccc2c(cnn2-c2ccc(F)cc2)c1	SmoAnta	SmoAnta
CHEMBL183630	CHEMBL183630	JBPMUXHYANUBMJ-UHFFFAOYSA-N	Cc1ccc(NC(=O)c2cccc(N3CCOCC3)c2)cc1NC(=O)c1ccc(OCc2cscn2)cc1	SmoAnta	SmoAnta
CHEMBL4172388	CHEMBL4172388	RVTYJKNYZNNAGJ-UHFFFAOYSA-N	CC1Cc2ccccc2N1C(=O)c1ccc(=O)n(CCC(=O)N2CCN(c3ccccc3)CC2)n1	SmoAnta	SmoAnta
CHEMBL4289354	CHEMBL4289354	LMTSOMUCABFOSB-UHFFFAOYSA-N	CN(C(=O)c1ccc(C(N)=O)cc1)C1CCN(c2nnc(-c3ccnn3C)c3ccccc23)CC1	SmoAnta	SmoAnta
CHEMBL365472	CHEMBL365472	LKYAZIWQMLWADO-UHFFFAOYSA-N	Cc1ccc(NC(=O)c2cccc(N(C)C)c2)cc1NC(=O)c1ccc(OC(C)C)cc1	SmoAnta	SmoAnta
CHEMBL4289775	CHEMBL4289775	FMBPPTSIWDCOEJ-UHFFFAOYSA-N	CN(C(=O)c1ccc(S(N)(=O)=O)cc1)C1CCN(c2nnc(-c3ccnn3C)c3ccccc23)CC1	SmoAnta	SmoAnta
CHEMBL3604619	CHEMBL3604619	VQQHHCLBHNOQRQ-UHFFFAOYSA-N	CC(=O)Nc1nc2ccc(-c3cnc(Cl)c(NC(=O)Cc4ccccc4)c3)cc2s1	SmoAnta	SmoAnta
CHEMBL4291101	CHEMBL4291101	JQZUGRQYFYQMCE-XDHOZWIPSA-N	COc1cc(OC)c2c(=O)c(-c3ccc(OC)c(OC/C=C(\C)CCC=C(C)C)c3)coc2c1	SmoAnta	SmoAnta
CHEMBL4215124	CHEMBL4215124	BLLKBDFOLOWWEK-UHFFFAOYSA-N	COc1cc(CNC(=O)c2ccc3c(c2)[nH]c2ccccc23)cnc1-c1ccnc(C)c1	SmoAnta	SmoAnta
CHEMBL497003	CHEMBL497003	HVCKRXNCZNJASA-UHFFFAOYSA-N	c1ccc(N2CCN(c3nnc(Cc4ccncc4)c4ccccc34)CC2)nc1	SmoAnta	SmoAnta
CHEMBL4562011	CHEMBL4562011	HTOMCFFSHIGVOM-UHFFFAOYSA-N	CC(O)c1ccnn1-c1nnc(N2CCC(C(=O)NC3CCCCC3C)CC2)s1	SmoAnta	SmoAnta
CHEMBL4286606	CHEMBL4286606	VNYBXAZEXRJNFZ-UHFFFAOYSA-N	COc1cc(OC)c2c(=O)c(-c3ccc(OC)c(OCc4ccccc4)c3)coc2c1	SmoAnta	SmoAnta
CHEMBL4467625	CHEMBL4467625	ODXQMAGAYGTXLP-LBPRGKRZSA-N	C[C@H]1C(=O)N(c2ccc(Cl)cc2)C(=S)N1Cc1ccccc1	SmoAnta	SmoAnta
CHEMBL4473720	CHEMBL4473720	GSBOYBYJCZLGGK-YDYNHKSESA-N	C[C@]1(c2ccc(Cl)cc2Cl)OC[C@@H](COc2ccc(N3CCN(c4ccc(NC(=O)c5ccccn5)cc4)CC3)cc2)O1	SmoAnta	SmoAnta
CHEMBL2152364	CHEMBL2152364	ZYUUFTRHRLWMTH-PUWHGRQFSA-N	C[C@H]1C/C=C\C[C@@H](CC(=O)NCc2ccc(Cl)cc2)C(=O)OC[C@@H](c2ccccc2)NC1=O	SmoAnta	SmoAnta
CHEMBL2152370	CHEMBL2152370	GELMVQBWAPVGHJ-ZYQPHWHESA-N	O=C(C[C@@H]1C/C=C/CCC(=O)O[C@H](c2ccccc2)CNC1=O)NCCCC(F)(F)F	SmoAnta	SmoAnta
CHEMBL3604611	CHEMBL3604611	WYIFAYGGONUSGQ-UHFFFAOYSA-N	CC(=O)Nc1nc2ccc(-c3cnc(Cl)c(NC(=O)c4ccccc4Cl)c3)cc2s1	SmoAnta	SmoAnta
CHEMBL3262650	CHEMBL3262650	ZAKXIDSDKFMESX-UHFFFAOYSA-N	Cc1cnc(-c2cc(N3CCn4cc(CO)nc4C3)ncc2Cl)c(C)c1	SmoAnta	SmoAnta
CHEMBL3262631	CHEMBL3262631	TVRPACKUHNZVKX-UHFFFAOYSA-N	Cc1cnc(-c2cc(N3CCn4cc(C(=O)N(C)CCO)nc4C3)ncc2Cl)c(C)c1	SmoAnta	SmoAnta
CHEMBL4171870	CHEMBL4171870	CFYGCTDFNMTVRL-UHFFFAOYSA-N	Cc1ccc(NCc2cccn2-c2nnc(N3CCC(C(=O)NC4CC4)CC3)s2)cc1	SmoAnta	SmoAnta
CHEMBL4176279	CHEMBL4176279	IULFORWLKGQXTQ-UHFFFAOYSA-N	Cc1ccc(NCc2cccn2-c2nnc(N3CCC(C(=O)N4CCCC4)CC3)s2)cc1	SmoAnta	SmoAnta
CHEMBL2152381	CHEMBL2152381	FYOPZVCSTLIOCA-CBPPOCRISA-N	O=C(C[C@@H]1C/C=C/CCC(=O)N[C@H](c2ccc(Cl)cn2)COC1=O)NCc1ccc(Cl)cc1	SmoAnta	SmoAnta
CHEMBL4571341	CHEMBL4571341	AOCSOWXEGDBAIH-CYTLCNBWSA-N	C[C@@]1(c2ccc(Cl)cc2Cl)OC[C@@H](COc2ccc(N3CCN(c4ccc(NC(=O)c5cccnc5)cc4)CC3)cc2)O1	SmoAnta	SmoAnta
CHEMBL4169989	CHEMBL4169989	SUIOHPLKNWRVGJ-UHFFFAOYSA-N	Cc1ccc(NCc2cccn2-c2nnc(N3CCC(C(=O)NCC(C)(C)O)CC3)s2)cc1	SmoAnta	SmoAnta
CHEMBL4644469	CHEMBL4644469	ZPTFDKZRWABHBL-UHFFFAOYSA-N	CN(C(=O)c1ccc(C#N)cc1)C1CCN(C(=O)c2ccccc2Nc2ccnn2C)CC1	SmoAnta	SmoAnta
CHEMBL557518	CHEMBL557518	JGLSXUYFUCPQGV-UHFFFAOYSA-N	CCCC(CCC)C(=O)NCc1ccc2c(cnn2-c2ccncc2)c1	SmoAnta	SmoAnta
CHEMBL4551454	CHEMBL4551454	FMWWQNWAKUGFAD-ZDUSSCGKSA-N	C[C@H]1CN(c2ccc(Cl)cc2)C(=O)N1Cc1ccccc1	SmoAnta	SmoAnta
CHEMBL4168517	CHEMBL4168517	XFNCXUNIPWDPIS-UHFFFAOYSA-N	Cc1ccc(-c2cc3c(N4CCC(C(=O)NC(C)c5ccccc5)CC4)nccn3n2)cc1C	SmoAnta	SmoAnta
CHEMBL4647112	CHEMBL4647112	JUUPOXCCHOFKNI-UHFFFAOYSA-N	CN(C(=O)c1ccc(F)cc1C(F)(F)F)C1CCN(C(=O)c2ccccc2Nc2ccc(-c3ccccc3)cc2)CC1	SmoAnta	SmoAnta
CHEMBL495579	CHEMBL495579	ZCBPOKGVMMAGFY-UHFFFAOYSA-N	N#Cc1ccc(C2CCN(c3nnc(Cc4ccccc4)c4ccccc34)CC2)cc1	SmoAnta	SmoAnta
CHEMBL497218	CHEMBL497218	AOFZFQXTMXXBDW-UHFFFAOYSA-N	N#Cc1ccc(N2CCN(c3nnc(Cc4ccc(C(=O)O)cc4)c4ccccc34)CC2)nc1	SmoAnta	SmoAnta
CHEMBL3604615	CHEMBL3604615	GZUQPOFBGVLSQM-UHFFFAOYSA-N	CC(=O)Nc1nc2ccc(-c3cnc(Cl)c(NC(=O)c4cccc(F)c4)c3)cc2s1	SmoAnta	SmoAnta
CHEMBL2152379	CHEMBL2152379	VTIGBNHBOYANTF-ZMMOYELXSA-N	O=C(C[C@@H]1C/C=C/CCC(=O)N[C@H](c2ccc(F)cc2)COC1=O)NCc1ccc(Cl)cc1	SmoAnta	SmoAnta
CHEMBL2152373	CHEMBL2152373	UQVOPKWUIIYHLT-BQIDRLATSA-N	O=C(C[C@@H]1C/C=C/CCC(=O)O[C@H](c2ccccc2)CNC1=O)NCc1cccc(Cl)c1	SmoAnta	SmoAnta
CHEMBL497217	CHEMBL497217	MFFKXBCWGKLRSA-UHFFFAOYSA-N	COC(=O)c1ccc(Cc2nnc(N3CCN(c4ccc(C#N)cn4)CC3)c3ccccc23)cc1	SmoAnta	SmoAnta
CHEMBL497820	CHEMBL497820	SACCJQYKNINQME-UHFFFAOYSA-N	N#Cc1ccc(N2CCN(c3ncc(Cc4ccccc4)c4ccccc34)CC2)nc1	SmoAnta	SmoAnta
CHEMBL516370	CHEMBL516370	FZGJOQIUVBVNBJ-UHFFFAOYSA-N	COc1ccc(-c2ccc(C(F)(F)F)cc2)c(C(=O)Nc2ccc3c(c2)CC(NCc2ccccn2)C3)c1	SmoAnta	SmoAnta
CHEMBL2152375	CHEMBL2152375	RTDDGSNRJAMSBI-BQIDRLATSA-N	O=C(C[C@@H]1C/C=C/CCC(=O)N[C@H](C2CCCCC2)COC1=O)NCc1ccc(Cl)cc1	SmoAnta	SmoAnta
CHEMBL2152357	CHEMBL2152357	KADPCUBFZUHNFS-BQIDRLATSA-N	O=C(C[C@@H]1C/C=C/CCC(=O)N[C@H](c2ccccc2)COC1=O)NCc1ccc(Cl)cc1	SmoAnta	SmoAnta
CHEMBL142450	CHEMBL142450	JKHYOWBRQRJSTQ-NRFANRHFSA-N	COC(=O)N[C@H]1Cc2ccc(NC(=O)c3cccc(C)c3-c3ccc(C(F)(F)F)cc3)cc2C1	SmoAnta	SmoAnta
CHEMBL4171838	CHEMBL4171838	MPTILXYZFCMZHW-UHFFFAOYSA-N	CCNC(=O)C1CCN(c2nnc(-n3cccc3CNc3ccc(C)cc3)s2)CC1	SmoAnta	SmoAnta
CHEMBL4456292	CHEMBL4456292	NQRIIPNJULINMV-NQVJXQQZSA-N	COc1cccc(C(=O)Nc2ccc(N3CCN(c4ccc(OC[C@@H]5CO[C@](C)(c6ccc(Cl)cc6Cl)O5)cc4)CC3)cc2)c1	SmoAnta	SmoAnta
CHEMBL2152362	CHEMBL2152362	CGQFZMGRUMZRJD-BRSWAKDMSA-N	O=C(C[C@@H]1C/C=C/C[C@H](Cc2ccccc2)C(=O)N[C@H](c2ccccc2)COC1=O)NCc1ccc(Cl)cc1	SmoAnta	SmoAnta
CHEMBL550191	CHEMBL550191	RDPYZNMGINLHJE-UHFFFAOYSA-N	CCCC(CCC)C(=O)NCc1ccc2c(cnn2-c2ncccn2)c1	SmoAnta	SmoAnta
CHEMBL4632758	CHEMBL4632758	NNTRWHBIVTUJEX-UHFFFAOYSA-N	CN(C(=O)c1ccc(F)cc1C(F)(F)F)C1CCN(C(=O)c2ccccc2Nc2ccc(C#N)cc2)CC1	SmoAnta	SmoAnta
CHEMBL4289866	CHEMBL4289866	XPYARVYNUNOZLN-UHFFFAOYSA-N	COc1cc(OC)c2c(=O)c(-c3ccc(OCc4ccccc4)c(OC)c3)coc2c1	SmoAnta	SmoAnta
CHEMBL4279181	CHEMBL4279181	ZMHPYTBAMHMURX-UHFFFAOYSA-N	COc1cc(OC)c2c(=O)c(-c3ccc(OCC=C(C)C)c(OC)c3)coc2c1	SmoAnta	SmoAnta
CHEMBL2152371	CHEMBL2152371	BJRLEQBLNKLHFN-ZGCXVMDJSA-N	CC(C)(C)OC(=O)C[C@@H]1C/C=C/CCC(=O)N[C@H](c2ccccc2)COC1=O	SmoAnta	SmoAnta
CHEMBL4649551	CHEMBL4649551	QDSKINKQTZSEKY-UHFFFAOYSA-N	CN(C(=O)c1ccc(F)cc1C(F)(F)F)C1CCN(C(=O)c2cccnc2Nc2ccccc2)CC1	SmoAnta	SmoAnta
CHEMBL4562945	CHEMBL4562945	UBONKVGSVVVWRS-ZETCQYMHSA-N	C[C@H]1C(=O)N(c2ccc(Cl)cc2)C(=O)N1Cc1c(F)c(F)c(F)c(F)c1F	SmoAnta	SmoAnta
CHEMBL4159684	CHEMBL4159684	QJEVQHLBNHOTDQ-UHFFFAOYSA-N	Cc1ccc(NCc2cccn2-c2nnc(N3CCC(C(=O)N4CCC(O)C4)CC3)s2)cc1	SmoAnta	SmoAnta
CHEMBL2152361	CHEMBL2152361	ZYUUFTRHRLWMTH-AGDMFGCGSA-N	C[C@H]1C/C=C/C[C@@H](CC(=O)NCc2ccc(Cl)cc2)C(=O)OC[C@@H](c2ccccc2)NC1=O	SmoAnta	SmoAnta
CHEMBL2152359	CHEMBL2152359	VHDCLXBXMSVMBZ-MWZGVQAKSA-N	C[C@H]1[C@@H](c2ccccc2)OC(=O)CC/C=C/C[C@@H](CC(=O)NCc2ccc(Cl)cc2)C(=O)N1C	SmoAnta	SmoAnta
CHEMBL2152372	CHEMBL2152372	FDSZEPJEHLNGEA-FZQIFAQWSA-N	CN1C[C@@H](c2ccccc2)OC(=O)CC/C=C/C[C@@H](Cc2ccc(Cl)cc2)C1=O	SmoAnta	SmoAnta
CHEMBL4537455	CHEMBL4537455	ZMDJIJCMILVKFE-ZDUSSCGKSA-N	C[C@H]1C(=O)N(C2CCCCC2)C(=O)N1Cc1ccccc1	SmoAnta	SmoAnta
CHEMBL4582942	CHEMBL4582942	OWMCWGLUZWJAGM-ZDUSSCGKSA-N	C[C@H]1C(=O)N(Cc2ccc(Cl)cc2)C(=O)N1Cc1ccccc1	SmoAnta	SmoAnta
CHEMBL2152376	CHEMBL2152376	UKWNCRJUNWWVSK-SZQTVFEFSA-N	O=C(C[C@@H]1C/C=C/CCC(=O)N[C@H](Cc2ccccc2)COC1=O)NCc1ccc(Cl)cc1	SmoAnta	SmoAnta
CHEMBL474894	CHEMBL474894	PAMZGVTZBVUZBF-UHFFFAOYSA-N	Cc1ccc(-c2ccc(C(F)(F)F)cc2)c(C(=O)Nc2ccc3c(c2)CC(NCc2ccccn2)C3)c1	SmoAnta	SmoAnta
CHEMBL356310	CHEMBL356310	VFQLHOJNCNGPIK-AREMUKBSSA-N	Cc1cccc(C(=O)Nc2ccc3c(c2)C[C@H](NCc2ccccn2)C3)c1-c1ccc(C(F)(F)F)cc1	SmoAnta	SmoAnta
CHEMBL4633504	CHEMBL4633504	QEKBTRKYCPPRFD-UHFFFAOYSA-N	CN(C(=O)c1ccc(F)cc1C(F)(F)F)C1CCN(C(=O)c2ccccc2Nc2ccccc2C#N)CC1	SmoAnta	SmoAnta
413261			COc1cc(OC)c2c(c1Cl)O[C@@]1(CC[C@]3(CC(=O)c4cc(C)ccc4O3)C[C@H]1C)C2=O	PNP	PNP
